#
# There is insufficient memory for the Java Runtime Environment to continue.
# Native memory allocation (mmap) failed to map 74448896 bytes for G1 virtual space
# Possible reasons:
#   The system is out of physical RAM or swap space
#   The process is running with CompressedOops enabled, and the Java Heap may be blocking the growth of the native heap
# Possible solutions:
#   Reduce memory load on the system
#   Increase physical memory or swap space
#   Check if swap backing store is full
#   Decrease Java heap size (-Xmx/-Xms)
#   Decrease number of Java threads
#   Decrease Java thread stack sizes (-Xss)
#   Set larger code cache with -XX:ReservedCodeCacheSize=
#   JVM is running with Unscaled Compressed Oops mode in which the Java heap is
#     placed in the first 4GB address space. The Java Heap base address is the
#     maximum limit for the native heap growth. Please use -XX:HeapBaseMinAddress
#     to set the Java Heap base and to place the Java Heap above 4GB virtual address.
# This output file may be truncated or incomplete.
#
#  Out of Memory Error (os_windows.cpp:3603), pid=14276, tid=29912
#
# JRE version: Java(TM) SE Runtime Environment (21.0.8+12) (build 21.0.8+12-LTS-250)
# Java VM: Java HotSpot(TM) 64-Bit Server VM (21.0.8+12-LTS-250, mixed mode, sharing, tiered, compressed oops, compressed class ptrs, g1 gc, windows-amd64)
# No core dump will be written. Minidumps are not enabled by default on client versions of Windows
#

---------------  S U M M A R Y ------------

Command Line: -XX:MaxMetaspaceSize=512m --add-opens=java.base/java.util=ALL-UNNAMED --add-opens=java.base/java.lang=ALL-UNNAMED --add-opens=java.base/java.lang.invoke=ALL-UNNAMED --add-opens=java.prefs/java.util.prefs=ALL-UNNAMED --add-exports=jdk.compiler/com.sun.tools.javac.api=ALL-UNNAMED --add-exports=jdk.compiler/com.sun.tools.javac.util=ALL-UNNAMED --add-opens=java.base/java.nio.charset=ALL-UNNAMED --add-opens=java.base/java.net=ALL-UNNAMED --add-opens=java.base/java.util.concurrent.atomic=ALL-UNNAMED -Xmx2048m -Dfile.encoding=UTF-8 -Duser.country=GB -Duser.language=en -Duser.variant -javaagent:C:\Users\amara\.gradle\wrapper\dists\gradle-8.10.2-all\7iv73wktx1xtkvlq19urqw1wm\gradle-8.10.2\lib\agents\gradle-instrumentation-agent-8.10.2.jar org.gradle.launcher.daemon.bootstrap.GradleDaemon 8.10.2

Host: AMD Ryzen 7 5800X 8-Core Processor             , 16 cores, 15G,  Windows 11 , 64 bit Build 26100 (10.0.26100.4768)
Time: Mon Aug 18 08:16:18 2025 GMT Summer Time elapsed time: 29.560653 seconds (0d 0h 0m 29s)

---------------  T H R E A D  ---------------

Current thread (0x0000013fe758b9b0):  VMThread "VM Thread"          [id=29912, stack(0x0000003351200000,0x0000003351300000) (1024K)]

Stack: [0x0000003351200000,0x0000003351300000]
Native frames: (J=compiled Java code, j=interpreted, Vv=VM code, C=native code)
V  [jvm.dll+0x6cc179]
V  [jvm.dll+0x8584c1]
V  [jvm.dll+0x85a9ee]
V  [jvm.dll+0x85b0c3]
V  [jvm.dll+0x27ebf6]
V  [jvm.dll+0x6c88f5]
V  [jvm.dll+0x6bd45a]
V  [jvm.dll+0x354b1a]
V  [jvm.dll+0x35c796]
V  [jvm.dll+0x3af85e]
V  [jvm.dll+0x3afb08]
V  [jvm.dll+0x328e2c]
V  [jvm.dll+0x32b686]
V  [jvm.dll+0x335638]
V  [jvm.dll+0x36b965]
V  [jvm.dll+0x860e90]
V  [jvm.dll+0x862214]
V  [jvm.dll+0x862750]
V  [jvm.dll+0x8629f3]
V  [jvm.dll+0x80279b]
V  [jvm.dll+0x6ca85d]
C  [ucrtbase.dll+0x37b0]
C  [KERNEL32.DLL+0x2e8d7]
C  [ntdll.dll+0x3c34c]

VM_Operation (0x0000003350dffb50): G1PauseRemark, mode: safepoint, requested by thread 0x0000013fc837b360


---------------  P R O C E S S  ---------------

Threads class SMR info:
_java_thread_list=0x0000013fff3f7f50, length=251, elements={
0x0000013fc7d2ec70, 0x0000013fe75a4c20, 0x0000013fe75a5920, 0x0000013fe75aaf10,
0x0000013fe75acaa0, 0x0000013fe75ada50, 0x0000013fe75b6790, 0x0000013fe75c8810,
0x0000013fe75d4a50, 0x0000013fe78402d0, 0x0000013fe783ce50, 0x0000013fe783e200,
0x0000013fe783e890, 0x0000013fe783ef20, 0x0000013fe783f5b0, 0x0000013fe783d4e0,
0x0000013fe783fc40, 0x0000013fe783db70, 0x0000013fedcd8dc0, 0x0000013fedcd80a0,
0x0000013fedcd8730, 0x0000013fedcdb520, 0x0000013fedcda800, 0x0000013fedcdae90,
0x0000013fedcd9ae0, 0x0000013fedcdc240, 0x0000013fedcdc8d0, 0x0000013fedcdbbb0,
0x0000013fedcda170, 0x0000013fedcd9450, 0x0000013fedcdf030, 0x0000013fedcdcf60,
0x0000013fedcdd5f0, 0x0000013fedcde310, 0x0000013fedcdf6c0, 0x0000013feeede790,
0x0000013feeede100, 0x0000013feeedee20, 0x0000013feeedf4b0, 0x0000013feeedfb40,
0x0000013feeedcd50, 0x0000013feeedda70, 0x0000013feeedc6c0, 0x0000013feeee01d0,
0x0000013feeee0860, 0x0000013feeedd3e0, 0x0000013feeee1c10, 0x0000013feeee22a0,
0x0000013feeee2fc0, 0x0000013feeee3650, 0x0000013feeee3ce0, 0x0000013feeee2930,
0x0000013feeee0ef0, 0x0000013feeee1580, 0x0000013ff08117c0, 0x0000013ff0811e50,
0x0000013ff0813f20, 0x0000013ff0813890, 0x0000013ff08145b0, 0x0000013ff08152d0,
0x0000013ff0812b70, 0x0000013ff0815960, 0x0000013ff0814c40, 0x0000013ff08124e0,
0x0000013ff0813200, 0x0000013ff0816d10, 0x0000013ff0815ff0, 0x0000013ff08180c0,
0x0000013ff0818750, 0x0000013ff0816680, 0x0000013ff0818de0, 0x0000013ff08173a0,
0x0000013ff0817a30, 0x0000013fee589460, 0x0000013fee58a810, 0x0000013fee588740,
0x0000013fee5880b0, 0x0000013fee589af0, 0x0000013fee58a180, 0x0000013fee588dd0,
0x0000013fee587a20, 0x0000013fee58c250, 0x0000013fee58dc90, 0x0000013fee58b530,
0x0000013fee58cf70, 0x0000013fee58d600, 0x0000013fee58aea0, 0x0000013ff2f15110,
0x0000013ff2f171e0, 0x0000013ff2f164c0, 0x0000013ff2f15e30, 0x0000013ff2f17870,
0x0000013ff2f14a80, 0x0000013ff2f18590, 0x0000013ff2f18c20, 0x0000013ff2f17f00,
0x0000013ff2f157a0, 0x0000013ff2f1c0a0, 0x0000013ff2f1ba10, 0x0000013ff2f192b0,
0x0000013ff2f19fd0, 0x0000013ff136e1b0, 0x0000013ff2f19940, 0x0000013ff2f1a660,
0x0000013ff2f1acf0, 0x0000013ff2f1b380, 0x0000013ff0afbaa0, 0x0000013ff0afc7c0,
0x0000013ff0afc130, 0x0000013ff0afd4e0, 0x0000013ff0afef20, 0x0000013ff0afe200,
0x0000013ff0afe890, 0x0000013ff0aff5b0, 0x0000013ff0affc40, 0x0000013ff0b002d0,
0x0000013ff0afdb70, 0x0000013ff0afce50, 0x0000013ff0b023a0, 0x0000013ff1371830,
0x0000013ff1371f00, 0x0000013ff0b00960, 0x0000013ff0b00ff0, 0x0000013ff0b01680,
0x0000013ff0b01d10, 0x0000013ff0b02a30, 0x0000013ff0b030c0, 0x0000013fef4502f0,
0x0000013fef450980, 0x0000013fef44e220, 0x0000013fef44fc60, 0x0000013fef44db90,
0x0000013fef44d500, 0x0000013fef44e8b0, 0x0000013fef44ef40, 0x0000013fef44f5d0,
0x0000013fe771e660, 0x0000013fe771fa10, 0x0000013fe77200a0, 0x0000013fe771dfd0,
0x0000013fe7720730, 0x0000013fe7721ae0, 0x0000013fe771f380, 0x0000013fe7722170,
0x0000013fe7720dc0, 0x0000013fe7721450, 0x0000013fe771ecf0, 0x0000013fe7724240,
0x0000013fe77248d0, 0x0000013fe77255f0, 0x0000013fe7722e90, 0x0000013fe7723bb0,
0x0000013fe7722800, 0x0000013fe7724f60, 0x0000013fe7723520, 0x0000013fecf33410,
0x0000013fecf34130, 0x0000013fecf33aa0, 0x0000013fecf326f0, 0x0000013fecf31340,
0x0000013fecf30cb0, 0x0000013fecf32060, 0x0000013fecf347c0, 0x0000013fecf319d0,
0x0000013fecf35b70, 0x0000013fecf354e0, 0x0000013fecf34e50, 0x0000013fecf36200,
0x0000013fecf32d80, 0x0000013fecf36f20, 0x0000013fecf375b0, 0x0000013fecf36890,
0x0000013fecf37c40, 0x0000013fecf382d0, 0x0000013ff27054b0, 0x0000013ff2705b40,
0x0000013ff27033e0, 0x0000013ff2706ef0, 0x0000013ff27061d0, 0x0000013ff2703a70,
0x0000013ff2707580, 0x0000013ff2704100, 0x0000013ff2704790, 0x0000013ff2706860,
0x0000013ff2707c10, 0x0000013ff27082a0, 0x0000013ff2704e20, 0x0000013ff270aa00,
0x0000013ff2708930, 0x0000013ff270b720, 0x0000013ff2709ce0, 0x0000013ff270b090,
0x0000013ff270a370, 0x0000013ff270c440, 0x0000013ff2708fc0, 0x0000013ff270cad0,
0x0000013ff2709650, 0x0000013ff270d7f0, 0x0000013ff270de80, 0x0000013ff2711300,
0x0000013ff27105e0, 0x0000013ff270eba0, 0x0000013ff270e510, 0x0000013ff2710c70,
0x0000013ff270ff50, 0x0000013ff270f8c0, 0x0000013ff270d160, 0x0000013ff2711990,
0x0000013ff270f230, 0x0000013ff27126b0, 0x0000013ff2712020, 0x0000013ff131be10,
0x0000013ff131b0f0, 0x0000013ff131c4a0, 0x0000013ff131b780, 0x0000013ff131cb30,
0x0000013ff1319d40, 0x0000013ff131d1c0, 0x0000013ff131a3d0, 0x0000013ff131aa60,
0x0000013ff1320640, 0x0000013ff131e570, 0x0000013ff131ec00, 0x0000013ff131d850,
0x0000013ff131f920, 0x0000013ff131ffb0, 0x0000013ff1320cd0, 0x0000013ff131f290,
0x0000013ff1321360, 0x0000013ff131dee0, 0x0000013ff1323ac0, 0x0000013ff1324150,
0x0000013ff1322080, 0x0000013ff13247e0, 0x0000013ff1324e70, 0x0000013ff28cc080,
0x0000013fef1a5ee0, 0x0000013fef1a2a60, 0x0000013fef1a3e10, 0x0000013ff13268b0,
0x0000013ff1328980, 0x0000013ff1326f40, 0x0000013ff1325500, 0x0000013ff1329010,
0x0000013ff1326220, 0x0000013ff1325b90, 0x0000013ff136dae0, 0x0000013ff136e880,
0x0000013fe75d3cb0, 0x0000013fe75d5120, 0x0000013ffbe92cd0
}

Java Threads: ( => current thread )
  0x0000013fc7d2ec70 JavaThread "main"                              [_thread_blocked, id=13488, stack(0x0000003350b00000,0x0000003350c00000) (1024K)]
  0x0000013fe75a4c20 JavaThread "Reference Handler"          daemon [_thread_blocked, id=16088, stack(0x0000003351300000,0x0000003351400000) (1024K)]
  0x0000013fe75a5920 JavaThread "Finalizer"                  daemon [_thread_blocked, id=25100, stack(0x0000003351400000,0x0000003351500000) (1024K)]
  0x0000013fe75aaf10 JavaThread "Signal Dispatcher"          daemon [_thread_blocked, id=28596, stack(0x0000003351500000,0x0000003351600000) (1024K)]
  0x0000013fe75acaa0 JavaThread "Attach Listener"            daemon [_thread_blocked, id=14316, stack(0x0000003351600000,0x0000003351700000) (1024K)]
  0x0000013fe75ada50 JavaThread "Service Thread"             daemon [_thread_blocked, id=32752, stack(0x0000003351700000,0x0000003351800000) (1024K)]
  0x0000013fe75b6790 JavaThread "Monitor Deflation Thread"   daemon [_thread_blocked, id=24372, stack(0x0000003351800000,0x0000003351900000) (1024K)]
  0x0000013fe75c8810 JavaThread "C2 CompilerThread0"         daemon [_thread_blocked, id=3428, stack(0x0000003351900000,0x0000003351a00000) (1024K)]
  0x0000013fe75d4a50 JavaThread "C1 CompilerThread0"         daemon [_thread_blocked, id=28652, stack(0x0000003351a00000,0x0000003351b00000) (1024K)]
  0x0000013fe78402d0 JavaThread "Common-Cleaner"             daemon [_thread_blocked, id=11036, stack(0x0000003351c00000,0x0000003351d00000) (1024K)]
  0x0000013fe783ce50 JavaThread "Notification Thread"        daemon [_thread_blocked, id=15240, stack(0x0000003351e00000,0x0000003351f00000) (1024K)]
  0x0000013fe783e200 JavaThread "Daemon health stats"               [_thread_blocked, id=31000, stack(0x0000003352a00000,0x0000003352b00000) (1024K)]
  0x0000013fe783e890 JavaThread "Incoming local TCP Connector on port 63065"        [_thread_in_native, id=29104, stack(0x0000003352b00000,0x0000003352c00000) (1024K)]
  0x0000013fe783ef20 JavaThread "Daemon periodic checks"            [_thread_blocked, id=19208, stack(0x0000003352c00000,0x0000003352d00000) (1024K)]
  0x0000013fe783f5b0 JavaThread "Daemon"                            [_thread_blocked, id=13344, stack(0x0000003352d00000,0x0000003352e00000) (1024K)]
  0x0000013fe783d4e0 JavaThread "Handler for socket connection from /127.0.0.1:63065 to /127.0.0.1:63072"        [_thread_in_native, id=25352, stack(0x0000003352e00000,0x0000003352f00000) (1024K)]
  0x0000013fe783fc40 JavaThread "Cancel handler"                    [_thread_blocked, id=28220, stack(0x0000003352f00000,0x0000003353000000) (1024K)]
  0x0000013fe783db70 JavaThread "Daemon worker"                     [_thread_blocked, id=31268, stack(0x0000003353000000,0x0000003353100000) (1024K)]
  0x0000013fedcd8dc0 JavaThread "Asynchronous log dispatcher for DefaultDaemonConnection: socket connection from /127.0.0.1:63065 to /127.0.0.1:63072"        [_thread_blocked, id=18020, stack(0x0000003353100000,0x0000003353200000) (1024K)]
  0x0000013fedcd80a0 JavaThread "Stdin handler"                     [_thread_blocked, id=12576, stack(0x0000003353200000,0x0000003353300000) (1024K)]
  0x0000013fedcd8730 JavaThread "Daemon client event forwarder"        [_thread_blocked, id=10152, stack(0x0000003353300000,0x0000003353400000) (1024K)]
  0x0000013fedcdb520 JavaThread "Cache worker for journal cache (C:\Users\amara\.gradle\caches\journal-1)"        [_thread_blocked, id=4684, stack(0x0000003353400000,0x0000003353500000) (1024K)]
  0x0000013fedcda800 JavaThread "File lock request listener"        [_thread_in_native, id=21292, stack(0x0000003353500000,0x0000003353600000) (1024K)]
  0x0000013fedcdae90 JavaThread "Cache worker for file hash cache (C:\Users\amara\.gradle\caches\8.10.2\fileHashes)"        [_thread_blocked, id=11576, stack(0x0000003353600000,0x0000003353700000) (1024K)]
  0x0000013fedcd9ae0 JavaThread "Cache worker for file hash cache (C:\Users\amara\Documents\Projects\BetSocial\android\.gradle\8.10.2\fileHashes)"        [_thread_blocked, id=23068, stack(0x0000003353e00000,0x0000003353f00000) (1024K)]
  0x0000013fedcdc240 JavaThread "Cache worker for Build Output Cleanup Cache (C:\Users\amara\Documents\Projects\BetSocial\android\.gradle\buildOutputCleanup)"        [_thread_blocked, id=12488, stack(0x0000003353f00000,0x0000003354000000) (1024K)]
  0x0000013fedcdc8d0 JavaThread "File watcher server"        daemon [_thread_blocked, id=3340, stack(0x0000003354000000,0x0000003354100000) (1024K)]
  0x0000013fedcdbbb0 JavaThread "File watcher consumer"      daemon [_thread_blocked, id=15260, stack(0x0000003354100000,0x0000003354200000) (1024K)]
  0x0000013fedcda170 JavaThread "Cache worker for checksums cache (C:\Users\amara\Documents\Projects\BetSocial\android\.gradle\8.10.2\checksums)"        [_thread_blocked, id=26236, stack(0x0000003354200000,0x0000003354300000) (1024K)]
  0x0000013fedcd9450 JavaThread "Cache worker for file content cache (C:\Users\amara\.gradle\caches\8.10.2\fileContent)"        [_thread_blocked, id=31628, stack(0x0000003354300000,0x0000003354400000) (1024K)]
  0x0000013fedcdf030 JavaThread "Cache worker for cache directory md-rule (C:\Users\amara\.gradle\caches\8.10.2\md-rule)"        [_thread_blocked, id=4844, stack(0x0000003354400000,0x0000003354500000) (1024K)]
  0x0000013fedcdcf60 JavaThread "Cache worker for cache directory md-supplier (C:\Users\amara\.gradle\caches\8.10.2\md-supplier)"        [_thread_blocked, id=26384, stack(0x0000003354500000,0x0000003354600000) (1024K)]
  0x0000013fedcdd5f0 JavaThread "jar transforms"                    [_thread_blocked, id=27160, stack(0x0000003354800000,0x0000003354900000) (1024K)]
  0x0000013fedcde310 JavaThread "Cache worker for Build Output Cleanup Cache (C:\Users\amara\Documents\Projects\BetSocial\node_modules\@react-native\gradle-plugin\.gradle\buildOutputCleanup)"        [_thread_blocked, id=24360, stack(0x0000003354900000,0x0000003354a00000) (1024K)]
  0x0000013fedcdf6c0 JavaThread "Unconstrained build operations"        [_thread_blocked, id=33824, stack(0x0000003354600000,0x0000003354700000) (1024K)]
  0x0000013feeede790 JavaThread "Unconstrained build operations Thread 2"        [_thread_blocked, id=18328, stack(0x0000003354700000,0x0000003354800000) (1024K)]
  0x0000013feeede100 JavaThread "Unconstrained build operations Thread 3"        [_thread_blocked, id=22780, stack(0x0000003354a00000,0x0000003354b00000) (1024K)]
  0x0000013feeedee20 JavaThread "Unconstrained build operations Thread 4"        [_thread_blocked, id=2968, stack(0x0000003354b00000,0x0000003354c00000) (1024K)]
  0x0000013feeedf4b0 JavaThread "Unconstrained build operations Thread 5"        [_thread_blocked, id=23624, stack(0x0000003354c00000,0x0000003354d00000) (1024K)]
  0x0000013feeedfb40 JavaThread "Unconstrained build operations Thread 6"        [_thread_blocked, id=31196, stack(0x0000003354d00000,0x0000003354e00000) (1024K)]
  0x0000013feeedcd50 JavaThread "Unconstrained build operations Thread 7"        [_thread_blocked, id=11100, stack(0x0000003354e00000,0x0000003354f00000) (1024K)]
  0x0000013feeedda70 JavaThread "Unconstrained build operations Thread 8"        [_thread_blocked, id=6568, stack(0x0000003354f00000,0x0000003355000000) (1024K)]
  0x0000013feeedc6c0 JavaThread "Unconstrained build operations Thread 9"        [_thread_blocked, id=29808, stack(0x0000003355000000,0x0000003355100000) (1024K)]
  0x0000013feeee01d0 JavaThread "Unconstrained build operations Thread 10"        [_thread_blocked, id=34604, stack(0x0000003355100000,0x0000003355200000) (1024K)]
  0x0000013feeee0860 JavaThread "Unconstrained build operations Thread 11"        [_thread_blocked, id=27928, stack(0x0000003355200000,0x0000003355300000) (1024K)]
  0x0000013feeedd3e0 JavaThread "Unconstrained build operations Thread 12"        [_thread_blocked, id=5380, stack(0x0000003355300000,0x0000003355400000) (1024K)]
  0x0000013feeee1c10 JavaThread "Unconstrained build operations Thread 13"        [_thread_blocked, id=18660, stack(0x0000003355400000,0x0000003355500000) (1024K)]
  0x0000013feeee22a0 JavaThread "Unconstrained build operations Thread 14"        [_thread_blocked, id=1780, stack(0x0000003355500000,0x0000003355600000) (1024K)]
  0x0000013feeee2fc0 JavaThread "Unconstrained build operations Thread 15"        [_thread_blocked, id=12432, stack(0x0000003355600000,0x0000003355700000) (1024K)]
  0x0000013feeee3650 JavaThread "Unconstrained build operations Thread 16"        [_thread_blocked, id=15092, stack(0x0000003355700000,0x0000003355800000) (1024K)]
  0x0000013feeee3ce0 JavaThread "Unconstrained build operations Thread 17"        [_thread_blocked, id=21068, stack(0x0000003355800000,0x0000003355900000) (1024K)]
  0x0000013feeee2930 JavaThread "Unconstrained build operations Thread 18"        [_thread_blocked, id=30260, stack(0x0000003355900000,0x0000003355a00000) (1024K)]
  0x0000013feeee0ef0 JavaThread "Unconstrained build operations Thread 19"        [_thread_blocked, id=29720, stack(0x0000003355a00000,0x0000003355b00000) (1024K)]
  0x0000013feeee1580 JavaThread "Unconstrained build operations Thread 20"        [_thread_blocked, id=33336, stack(0x0000003355b00000,0x0000003355c00000) (1024K)]
  0x0000013ff08117c0 JavaThread "Unconstrained build operations Thread 21"        [_thread_blocked, id=13220, stack(0x0000003355c00000,0x0000003355d00000) (1024K)]
  0x0000013ff0811e50 JavaThread "Unconstrained build operations Thread 22"        [_thread_blocked, id=31420, stack(0x0000003355d00000,0x0000003355e00000) (1024K)]
  0x0000013ff0813f20 JavaThread "Unconstrained build operations Thread 23"        [_thread_blocked, id=25300, stack(0x0000003355e00000,0x0000003355f00000) (1024K)]
  0x0000013ff0813890 JavaThread "Unconstrained build operations Thread 24"        [_thread_blocked, id=32464, stack(0x0000003355f00000,0x0000003356000000) (1024K)]
  0x0000013ff08145b0 JavaThread "Unconstrained build operations Thread 25"        [_thread_blocked, id=21280, stack(0x0000003356000000,0x0000003356100000) (1024K)]
  0x0000013ff08152d0 JavaThread "Unconstrained build operations Thread 26"        [_thread_blocked, id=31316, stack(0x0000003356100000,0x0000003356200000) (1024K)]
  0x0000013ff0812b70 JavaThread "Unconstrained build operations Thread 27"        [_thread_blocked, id=22444, stack(0x0000003356200000,0x0000003356300000) (1024K)]
  0x0000013ff0815960 JavaThread "Unconstrained build operations Thread 28"        [_thread_blocked, id=14720, stack(0x0000003356300000,0x0000003356400000) (1024K)]
  0x0000013ff0814c40 JavaThread "Unconstrained build operations Thread 29"        [_thread_blocked, id=20344, stack(0x0000003356400000,0x0000003356500000) (1024K)]
  0x0000013ff08124e0 JavaThread "Unconstrained build operations Thread 30"        [_thread_blocked, id=11444, stack(0x0000003356500000,0x0000003356600000) (1024K)]
  0x0000013ff0813200 JavaThread "Unconstrained build operations Thread 31"        [_thread_blocked, id=4832, stack(0x0000003356600000,0x0000003356700000) (1024K)]
  0x0000013ff0816d10 JavaThread "Unconstrained build operations Thread 32"        [_thread_blocked, id=28332, stack(0x0000003356700000,0x0000003356800000) (1024K)]
  0x0000013ff0815ff0 JavaThread "Unconstrained build operations Thread 33"        [_thread_blocked, id=15676, stack(0x0000003356800000,0x0000003356900000) (1024K)]
  0x0000013ff08180c0 JavaThread "Unconstrained build operations Thread 34"        [_thread_blocked, id=16856, stack(0x0000003356900000,0x0000003356a00000) (1024K)]
  0x0000013ff0818750 JavaThread "Unconstrained build operations Thread 35"        [_thread_blocked, id=30992, stack(0x0000003356a00000,0x0000003356b00000) (1024K)]
  0x0000013ff0816680 JavaThread "Unconstrained build operations Thread 36"        [_thread_blocked, id=17700, stack(0x0000003356b00000,0x0000003356c00000) (1024K)]
  0x0000013ff0818de0 JavaThread "Unconstrained build operations Thread 37"        [_thread_blocked, id=19792, stack(0x0000003356c00000,0x0000003356d00000) (1024K)]
  0x0000013ff08173a0 JavaThread "Unconstrained build operations Thread 38"        [_thread_blocked, id=27136, stack(0x0000003356d00000,0x0000003356e00000) (1024K)]
  0x0000013ff0817a30 JavaThread "Unconstrained build operations Thread 39"        [_thread_blocked, id=34220, stack(0x0000003356e00000,0x0000003356f00000) (1024K)]
  0x0000013fee589460 JavaThread "Unconstrained build operations Thread 40"        [_thread_blocked, id=27736, stack(0x0000003356f00000,0x0000003357000000) (1024K)]
  0x0000013fee58a810 JavaThread "Unconstrained build operations Thread 41"        [_thread_blocked, id=6668, stack(0x0000003357000000,0x0000003357100000) (1024K)]
  0x0000013fee588740 JavaThread "Unconstrained build operations Thread 42"        [_thread_blocked, id=10368, stack(0x0000003357100000,0x0000003357200000) (1024K)]
  0x0000013fee5880b0 JavaThread "Unconstrained build operations Thread 43"        [_thread_blocked, id=22092, stack(0x0000003357200000,0x0000003357300000) (1024K)]
  0x0000013fee589af0 JavaThread "Unconstrained build operations Thread 44"        [_thread_blocked, id=17528, stack(0x0000003357300000,0x0000003357400000) (1024K)]
  0x0000013fee58a180 JavaThread "Unconstrained build operations Thread 45"        [_thread_blocked, id=8664, stack(0x0000003357400000,0x0000003357500000) (1024K)]
  0x0000013fee588dd0 JavaThread "Unconstrained build operations Thread 46"        [_thread_blocked, id=14444, stack(0x0000003357500000,0x0000003357600000) (1024K)]
  0x0000013fee587a20 JavaThread "Unconstrained build operations Thread 47"        [_thread_blocked, id=7304, stack(0x0000003357600000,0x0000003357700000) (1024K)]
  0x0000013fee58c250 JavaThread "Unconstrained build operations Thread 48"        [_thread_blocked, id=2148, stack(0x0000003357700000,0x0000003357800000) (1024K)]
  0x0000013fee58dc90 JavaThread "Unconstrained build operations Thread 49"        [_thread_blocked, id=10336, stack(0x0000003357800000,0x0000003357900000) (1024K)]
  0x0000013fee58b530 JavaThread "Unconstrained build operations Thread 50"        [_thread_blocked, id=2764, stack(0x0000003357900000,0x0000003357a00000) (1024K)]
  0x0000013fee58cf70 JavaThread "Unconstrained build operations Thread 51"        [_thread_blocked, id=28544, stack(0x0000003357a00000,0x0000003357b00000) (1024K)]
  0x0000013fee58d600 JavaThread "Memory manager"                    [_thread_blocked, id=3612, stack(0x0000003357b00000,0x0000003357c00000) (1024K)]
  0x0000013fee58aea0 JavaThread "build event listener"              [_thread_blocked, id=29452, stack(0x0000003357c00000,0x0000003357d00000) (1024K)]
  0x0000013ff2f15110 JavaThread "ForkJoinPool.commonPool-worker-1" daemon [_thread_blocked, id=8072, stack(0x0000003353700000,0x0000003353800000) (1024K)]
  0x0000013ff2f171e0 JavaThread "ForkJoinPool.commonPool-worker-2" daemon [_thread_blocked, id=27420, stack(0x0000003357d00000,0x0000003357e00000) (1024K)]
  0x0000013ff2f164c0 JavaThread "ForkJoinPool.commonPool-worker-3" daemon [_thread_blocked, id=21312, stack(0x0000003357e00000,0x0000003357f00000) (1024K)]
  0x0000013ff2f15e30 JavaThread "ForkJoinPool.commonPool-worker-4" daemon [_thread_blocked, id=20468, stack(0x0000003357f00000,0x0000003358000000) (1024K)]
  0x0000013ff2f17870 JavaThread "ForkJoinPool.commonPool-worker-5" daemon [_thread_blocked, id=1672, stack(0x0000003358000000,0x0000003358100000) (1024K)]
  0x0000013ff2f14a80 JavaThread "ForkJoinPool.commonPool-worker-6" daemon [_thread_blocked, id=22536, stack(0x0000003358100000,0x0000003358200000) (1024K)]
  0x0000013ff2f18590 JavaThread "ForkJoinPool.commonPool-worker-7" daemon [_thread_blocked, id=19744, stack(0x0000003358200000,0x0000003358300000) (1024K)]
  0x0000013ff2f18c20 JavaThread "ForkJoinPool.commonPool-worker-8" daemon [_thread_blocked, id=6680, stack(0x0000003358300000,0x0000003358400000) (1024K)]
  0x0000013ff2f17f00 JavaThread "ForkJoinPool.commonPool-worker-9" daemon [_thread_blocked, id=15188, stack(0x0000003358400000,0x0000003358500000) (1024K)]
  0x0000013ff2f157a0 JavaThread "ForkJoinPool.commonPool-worker-10" daemon [_thread_blocked, id=13064, stack(0x0000003358500000,0x0000003358600000) (1024K)]
  0x0000013ff2f1c0a0 JavaThread "ForkJoinPool.commonPool-worker-11" daemon [_thread_blocked, id=29644, stack(0x0000003358600000,0x0000003358700000) (1024K)]
  0x0000013ff2f1ba10 JavaThread "Exec process"               daemon [_thread_blocked, id=13204, stack(0x0000003358700000,0x0000003358800000) (1024K)]
  0x0000013ff2f192b0 JavaThread "Exec process Thread 2"      daemon [_thread_blocked, id=17416, stack(0x0000003358800000,0x0000003358900000) (1024K)]
  0x0000013ff2f19fd0 JavaThread "Exec process Thread 3"      daemon [_thread_blocked, id=25296, stack(0x0000003358900000,0x0000003358a00000) (1024K)]
  0x0000013ff136e1b0 JavaThread "C1 CompilerThread1"         daemon [_thread_blocked, id=27092, stack(0x0000003351d00000,0x0000003351e00000) (1024K)]
  0x0000013ff2f19940 JavaThread "included builds"                   [_thread_blocked, id=19584, stack(0x0000003351f00000,0x0000003352000000) (1024K)]
  0x0000013ff2f1a660 JavaThread "Execution worker"                  [_thread_blocked, id=23876, stack(0x0000003352000000,0x0000003352100000) (1024K)]
  0x0000013ff2f1acf0 JavaThread "Execution worker Thread 2"         [_thread_blocked, id=18052, stack(0x0000003352600000,0x0000003352700000) (1024K)]
  0x0000013ff2f1b380 JavaThread "Execution worker Thread 3"         [_thread_blocked, id=15536, stack(0x0000003358a00000,0x0000003358b00000) (1024K)]
  0x0000013ff0afbaa0 JavaThread "Execution worker Thread 4"         [_thread_blocked, id=29244, stack(0x0000003358b00000,0x0000003358c00000) (1024K)]
  0x0000013ff0afc7c0 JavaThread "Execution worker Thread 5"         [_thread_blocked, id=29552, stack(0x0000003358c00000,0x0000003358d00000) (1024K)]
  0x0000013ff0afc130 JavaThread "Execution worker Thread 6"         [_thread_blocked, id=25756, stack(0x0000003358d00000,0x0000003358e00000) (1024K)]
  0x0000013ff0afd4e0 JavaThread "Execution worker Thread 7"         [_thread_blocked, id=27476, stack(0x0000003358e00000,0x0000003358f00000) (1024K)]
  0x0000013ff0afef20 JavaThread "Execution worker Thread 8"         [_thread_blocked, id=16628, stack(0x0000003358f00000,0x0000003359000000) (1024K)]
  0x0000013ff0afe200 JavaThread "Execution worker Thread 9"         [_thread_blocked, id=28352, stack(0x0000003359000000,0x0000003359100000) (1024K)]
  0x0000013ff0afe890 JavaThread "Execution worker Thread 10"        [_thread_blocked, id=18652, stack(0x0000003359100000,0x0000003359200000) (1024K)]
  0x0000013ff0aff5b0 JavaThread "Execution worker Thread 11"        [_thread_blocked, id=2724, stack(0x0000003359200000,0x0000003359300000) (1024K)]
  0x0000013ff0affc40 JavaThread "Execution worker Thread 12"        [_thread_blocked, id=8176, stack(0x0000003359300000,0x0000003359400000) (1024K)]
  0x0000013ff0b002d0 JavaThread "Execution worker Thread 13"        [_thread_blocked, id=30316, stack(0x0000003359400000,0x0000003359500000) (1024K)]
  0x0000013ff0afdb70 JavaThread "Execution worker Thread 14"        [_thread_blocked, id=24656, stack(0x0000003359500000,0x0000003359600000) (1024K)]
  0x0000013ff0afce50 JavaThread "Execution worker Thread 15"        [_thread_blocked, id=7396, stack(0x0000003359600000,0x0000003359700000) (1024K)]
  0x0000013ff0b023a0 JavaThread "Cache worker for execution history cache (C:\Users\amara\Documents\Projects\BetSocial\node_modules\@react-native\gradle-plugin\.gradle\8.10.2\executionHistory)"        [_thread_blocked, id=31392, stack(0x0000003359700000,0x0000003359800000) (1024K)]
  0x0000013ff1371830 JavaThread "C1 CompilerThread2"         daemon [_thread_blocked, id=25044, stack(0x0000003359800000,0x0000003359900000) (1024K)]
  0x0000013ff1371f00 JavaThread "C1 CompilerThread3"         daemon [_thread_blocked, id=18100, stack(0x0000003359900000,0x0000003359a00000) (1024K)]
  0x0000013ff0b00960 JavaThread "Unconstrained build operations Thread 52"        [_thread_blocked, id=2700, stack(0x0000003359a00000,0x0000003359b00000) (1024K)]
  0x0000013ff0b00ff0 JavaThread "Unconstrained build operations Thread 53"        [_thread_blocked, id=15440, stack(0x0000003359b00000,0x0000003359c00000) (1024K)]
  0x0000013ff0b01680 JavaThread "Unconstrained build operations Thread 54"        [_thread_blocked, id=16132, stack(0x0000003359c00000,0x0000003359d00000) (1024K)]
  0x0000013ff0b01d10 JavaThread "Unconstrained build operations Thread 55"        [_thread_blocked, id=29120, stack(0x0000003359d00000,0x0000003359e00000) (1024K)]
  0x0000013ff0b02a30 JavaThread "Unconstrained build operations Thread 56"        [_thread_blocked, id=6060, stack(0x0000003359e00000,0x0000003359f00000) (1024K)]
  0x0000013ff0b030c0 JavaThread "Unconstrained build operations Thread 57"        [_thread_blocked, id=23132, stack(0x0000003359f00000,0x000000335a000000) (1024K)]
  0x0000013fef4502f0 JavaThread "Unconstrained build operations Thread 58"        [_thread_blocked, id=23744, stack(0x000000335a000000,0x000000335a100000) (1024K)]
  0x0000013fef450980 JavaThread "Unconstrained build operations Thread 59"        [_thread_blocked, id=10904, stack(0x000000335a100000,0x000000335a200000) (1024K)]
  0x0000013fef44e220 JavaThread "Unconstrained build operations Thread 60"        [_thread_blocked, id=14924, stack(0x000000335a200000,0x000000335a300000) (1024K)]
  0x0000013fef44fc60 JavaThread "Unconstrained build operations Thread 61"        [_thread_blocked, id=9092, stack(0x000000335a300000,0x000000335a400000) (1024K)]
  0x0000013fef44db90 JavaThread "Unconstrained build operations Thread 62"        [_thread_blocked, id=480, stack(0x000000335a400000,0x000000335a500000) (1024K)]
  0x0000013fef44d500 JavaThread "Unconstrained build operations Thread 63"        [_thread_blocked, id=31604, stack(0x000000335a500000,0x000000335a600000) (1024K)]
  0x0000013fef44e8b0 JavaThread "Unconstrained build operations Thread 64"        [_thread_blocked, id=13836, stack(0x000000335a600000,0x000000335a700000) (1024K)]
  0x0000013fef44ef40 JavaThread "Unconstrained build operations Thread 65"        [_thread_blocked, id=5264, stack(0x000000335a700000,0x000000335a800000) (1024K)]
  0x0000013fef44f5d0 JavaThread "Unconstrained build operations Thread 66"        [_thread_blocked, id=9828, stack(0x000000335a800000,0x000000335a900000) (1024K)]
  0x0000013fe771e660 JavaThread "Unconstrained build operations Thread 67"        [_thread_blocked, id=18500, stack(0x000000335a900000,0x000000335aa00000) (1024K)]
  0x0000013fe771fa10 JavaThread "Unconstrained build operations Thread 68"        [_thread_blocked, id=10036, stack(0x000000335aa00000,0x000000335ab00000) (1024K)]
  0x0000013fe77200a0 JavaThread "Unconstrained build operations Thread 69"        [_thread_blocked, id=7048, stack(0x000000335ab00000,0x000000335ac00000) (1024K)]
  0x0000013fe771dfd0 JavaThread "Unconstrained build operations Thread 70"        [_thread_blocked, id=11188, stack(0x000000335ac00000,0x000000335ad00000) (1024K)]
  0x0000013fe7720730 JavaThread "Unconstrained build operations Thread 71"        [_thread_blocked, id=34716, stack(0x000000335ad00000,0x000000335ae00000) (1024K)]
  0x0000013fe7721ae0 JavaThread "Unconstrained build operations Thread 72"        [_thread_blocked, id=32828, stack(0x000000335ae00000,0x000000335af00000) (1024K)]
  0x0000013fe771f380 JavaThread "Unconstrained build operations Thread 73"        [_thread_blocked, id=11128, stack(0x000000335af00000,0x000000335b000000) (1024K)]
  0x0000013fe7722170 JavaThread "Unconstrained build operations Thread 74"        [_thread_blocked, id=19204, stack(0x000000335b000000,0x000000335b100000) (1024K)]
  0x0000013fe7720dc0 JavaThread "Unconstrained build operations Thread 75"        [_thread_blocked, id=10964, stack(0x000000335b100000,0x000000335b200000) (1024K)]
  0x0000013fe7721450 JavaThread "Unconstrained build operations Thread 76"        [_thread_blocked, id=3504, stack(0x000000335b200000,0x000000335b300000) (1024K)]
  0x0000013fe771ecf0 JavaThread "Unconstrained build operations Thread 77"        [_thread_blocked, id=22032, stack(0x000000335b300000,0x000000335b400000) (1024K)]
  0x0000013fe7724240 JavaThread "Unconstrained build operations Thread 78"        [_thread_blocked, id=29328, stack(0x000000335b400000,0x000000335b500000) (1024K)]
  0x0000013fe77248d0 JavaThread "Unconstrained build operations Thread 79"        [_thread_blocked, id=26004, stack(0x000000335b500000,0x000000335b600000) (1024K)]
  0x0000013fe77255f0 JavaThread "Unconstrained build operations Thread 80"        [_thread_blocked, id=13252, stack(0x000000335b600000,0x000000335b700000) (1024K)]
  0x0000013fe7722e90 JavaThread "Unconstrained build operations Thread 81"        [_thread_blocked, id=20624, stack(0x000000335b700000,0x000000335b800000) (1024K)]
  0x0000013fe7723bb0 JavaThread "Unconstrained build operations Thread 82"        [_thread_blocked, id=15372, stack(0x000000335b800000,0x000000335b900000) (1024K)]
  0x0000013fe7722800 JavaThread "Unconstrained build operations Thread 83"        [_thread_blocked, id=18440, stack(0x000000335b900000,0x000000335ba00000) (1024K)]
  0x0000013fe7724f60 JavaThread "Unconstrained build operations Thread 84"        [_thread_blocked, id=30116, stack(0x000000335ba00000,0x000000335bb00000) (1024K)]
  0x0000013fe7723520 JavaThread "Unconstrained build operations Thread 85"        [_thread_blocked, id=5544, stack(0x000000335bb00000,0x000000335bc00000) (1024K)]
  0x0000013fecf33410 JavaThread "Unconstrained build operations Thread 86"        [_thread_blocked, id=7616, stack(0x000000335bc00000,0x000000335bd00000) (1024K)]
  0x0000013fecf34130 JavaThread "Unconstrained build operations Thread 87"        [_thread_blocked, id=16332, stack(0x000000335bd00000,0x000000335be00000) (1024K)]
  0x0000013fecf33aa0 JavaThread "Unconstrained build operations Thread 88"        [_thread_blocked, id=16012, stack(0x000000335be00000,0x000000335bf00000) (1024K)]
  0x0000013fecf326f0 JavaThread "Unconstrained build operations Thread 89"        [_thread_blocked, id=3896, stack(0x000000335bf00000,0x000000335c000000) (1024K)]
  0x0000013fecf31340 JavaThread "Unconstrained build operations Thread 90"        [_thread_blocked, id=26752, stack(0x000000335c000000,0x000000335c100000) (1024K)]
  0x0000013fecf30cb0 JavaThread "Unconstrained build operations Thread 91"        [_thread_blocked, id=32048, stack(0x000000335c100000,0x000000335c200000) (1024K)]
  0x0000013fecf32060 JavaThread "Unconstrained build operations Thread 92"        [_thread_blocked, id=34360, stack(0x000000335c200000,0x000000335c300000) (1024K)]
  0x0000013fecf347c0 JavaThread "Unconstrained build operations Thread 93"        [_thread_blocked, id=21392, stack(0x000000335c300000,0x000000335c400000) (1024K)]
  0x0000013fecf319d0 JavaThread "Unconstrained build operations Thread 94"        [_thread_blocked, id=12364, stack(0x000000335c400000,0x000000335c500000) (1024K)]
  0x0000013fecf35b70 JavaThread "Unconstrained build operations Thread 95"        [_thread_blocked, id=19688, stack(0x000000335c500000,0x000000335c600000) (1024K)]
  0x0000013fecf354e0 JavaThread "Unconstrained build operations Thread 96"        [_thread_blocked, id=23808, stack(0x000000335c600000,0x000000335c700000) (1024K)]
  0x0000013fecf34e50 JavaThread "Unconstrained build operations Thread 97"        [_thread_blocked, id=16412, stack(0x000000335c700000,0x000000335c800000) (1024K)]
  0x0000013fecf36200 JavaThread "Unconstrained build operations Thread 98"        [_thread_blocked, id=15636, stack(0x000000335c800000,0x000000335c900000) (1024K)]
  0x0000013fecf32d80 JavaThread "Unconstrained build operations Thread 99"        [_thread_blocked, id=18972, stack(0x000000335c900000,0x000000335ca00000) (1024K)]
  0x0000013fecf36f20 JavaThread "Unconstrained build operations Thread 100"        [_thread_blocked, id=31384, stack(0x000000335ca00000,0x000000335cb00000) (1024K)]
  0x0000013fecf375b0 JavaThread "Unconstrained build operations Thread 101"        [_thread_blocked, id=19372, stack(0x000000335cb00000,0x000000335cc00000) (1024K)]
  0x0000013fecf36890 JavaThread "Unconstrained build operations Thread 102"        [_thread_blocked, id=28632, stack(0x000000335cc00000,0x000000335cd00000) (1024K)]
  0x0000013fecf37c40 JavaThread "Unconstrained build operations Thread 103"        [_thread_blocked, id=22456, stack(0x000000335cd00000,0x000000335ce00000) (1024K)]
  0x0000013fecf382d0 JavaThread "Unconstrained build operations Thread 104"        [_thread_blocked, id=1048, stack(0x000000335ce00000,0x000000335cf00000) (1024K)]
  0x0000013ff27054b0 JavaThread "Unconstrained build operations Thread 105"        [_thread_blocked, id=28488, stack(0x000000335cf00000,0x000000335d000000) (1024K)]
  0x0000013ff2705b40 JavaThread "Unconstrained build operations Thread 106"        [_thread_blocked, id=6896, stack(0x000000335d000000,0x000000335d100000) (1024K)]
  0x0000013ff27033e0 JavaThread "Unconstrained build operations Thread 107"        [_thread_blocked, id=18552, stack(0x000000335d100000,0x000000335d200000) (1024K)]
  0x0000013ff2706ef0 JavaThread "Unconstrained build operations Thread 108"        [_thread_blocked, id=20600, stack(0x000000335d200000,0x000000335d300000) (1024K)]
  0x0000013ff27061d0 JavaThread "Unconstrained build operations Thread 109"        [_thread_blocked, id=12184, stack(0x000000335d300000,0x000000335d400000) (1024K)]
  0x0000013ff2703a70 JavaThread "Unconstrained build operations Thread 110"        [_thread_blocked, id=25712, stack(0x000000335d400000,0x000000335d500000) (1024K)]
  0x0000013ff2707580 JavaThread "Unconstrained build operations Thread 111"        [_thread_blocked, id=21464, stack(0x000000335d500000,0x000000335d600000) (1024K)]
  0x0000013ff2704100 JavaThread "Unconstrained build operations Thread 112"        [_thread_blocked, id=23704, stack(0x000000335d600000,0x000000335d700000) (1024K)]
  0x0000013ff2704790 JavaThread "Unconstrained build operations Thread 113"        [_thread_blocked, id=27204, stack(0x000000335d700000,0x000000335d800000) (1024K)]
  0x0000013ff2706860 JavaThread "Unconstrained build operations Thread 114"        [_thread_blocked, id=4536, stack(0x000000335d800000,0x000000335d900000) (1024K)]
  0x0000013ff2707c10 JavaThread "Unconstrained build operations Thread 115"        [_thread_blocked, id=26220, stack(0x000000335d900000,0x000000335da00000) (1024K)]
  0x0000013ff27082a0 JavaThread "Unconstrained build operations Thread 116"        [_thread_blocked, id=29896, stack(0x000000335da00000,0x000000335db00000) (1024K)]
  0x0000013ff2704e20 JavaThread "Unconstrained build operations Thread 117"        [_thread_blocked, id=5072, stack(0x000000335db00000,0x000000335dc00000) (1024K)]
  0x0000013ff270aa00 JavaThread "Unconstrained build operations Thread 118"        [_thread_blocked, id=6020, stack(0x000000335dc00000,0x000000335dd00000) (1024K)]
  0x0000013ff2708930 JavaThread "Unconstrained build operations Thread 119"        [_thread_blocked, id=19756, stack(0x000000335dd00000,0x000000335de00000) (1024K)]
  0x0000013ff270b720 JavaThread "Unconstrained build operations Thread 120"        [_thread_blocked, id=24492, stack(0x000000335de00000,0x000000335df00000) (1024K)]
  0x0000013ff2709ce0 JavaThread "Unconstrained build operations Thread 121"        [_thread_blocked, id=4376, stack(0x000000335df00000,0x000000335e000000) (1024K)]
  0x0000013ff270b090 JavaThread "Unconstrained build operations Thread 122"        [_thread_blocked, id=32492, stack(0x000000335e000000,0x000000335e100000) (1024K)]
  0x0000013ff270a370 JavaThread "jar transforms Thread 2"           [_thread_blocked, id=17940, stack(0x000000335e100000,0x000000335e200000) (1024K)]
  0x0000013ff270c440 JavaThread "jar transforms Thread 3"           [_thread_blocked, id=9440, stack(0x000000335e300000,0x000000335e400000) (1024K)]
  0x0000013ff2708fc0 JavaThread "Unconstrained build operations Thread 123"        [_thread_blocked, id=16092, stack(0x000000335e400000,0x000000335e500000) (1024K)]
  0x0000013ff270cad0 JavaThread "Unconstrained build operations Thread 124"        [_thread_blocked, id=29480, stack(0x000000335e500000,0x000000335e600000) (1024K)]
  0x0000013ff2709650 JavaThread "Unconstrained build operations Thread 125"        [_thread_blocked, id=23620, stack(0x000000335e600000,0x000000335e700000) (1024K)]
  0x0000013ff270d7f0 JavaThread "Unconstrained build operations Thread 126"        [_thread_blocked, id=4860, stack(0x000000335e700000,0x000000335e800000) (1024K)]
  0x0000013ff270de80 JavaThread "Unconstrained build operations Thread 127"        [_thread_blocked, id=12864, stack(0x000000335e800000,0x000000335e900000) (1024K)]
  0x0000013ff2711300 JavaThread "Unconstrained build operations Thread 128"        [_thread_blocked, id=19448, stack(0x000000335e900000,0x000000335ea00000) (1024K)]
  0x0000013ff27105e0 JavaThread "Unconstrained build operations Thread 129"        [_thread_blocked, id=31620, stack(0x000000335ea00000,0x000000335eb00000) (1024K)]
  0x0000013ff270eba0 JavaThread "Unconstrained build operations Thread 130"        [_thread_blocked, id=19524, stack(0x000000335eb00000,0x000000335ec00000) (1024K)]
  0x0000013ff270e510 JavaThread "Unconstrained build operations Thread 131"        [_thread_blocked, id=31076, stack(0x000000335ec00000,0x000000335ed00000) (1024K)]
  0x0000013ff2710c70 JavaThread "Unconstrained build operations Thread 132"        [_thread_blocked, id=18400, stack(0x000000335ed00000,0x000000335ee00000) (1024K)]
  0x0000013ff270ff50 JavaThread "Unconstrained build operations Thread 133"        [_thread_blocked, id=6392, stack(0x000000335ee00000,0x000000335ef00000) (1024K)]
  0x0000013ff270f8c0 JavaThread "Unconstrained build operations Thread 134"        [_thread_blocked, id=23708, stack(0x000000335ef00000,0x000000335f000000) (1024K)]
  0x0000013ff270d160 JavaThread "Unconstrained build operations Thread 135"        [_thread_blocked, id=24392, stack(0x000000335f000000,0x000000335f100000) (1024K)]
  0x0000013ff2711990 JavaThread "Unconstrained build operations Thread 136"        [_thread_blocked, id=23288, stack(0x000000335f100000,0x000000335f200000) (1024K)]
  0x0000013ff270f230 JavaThread "Unconstrained build operations Thread 137"        [_thread_blocked, id=20148, stack(0x000000335f200000,0x000000335f300000) (1024K)]
  0x0000013ff27126b0 JavaThread "Unconstrained build operations Thread 138"        [_thread_blocked, id=25396, stack(0x000000335f300000,0x000000335f400000) (1024K)]
  0x0000013ff2712020 JavaThread "Unconstrained build operations Thread 139"        [_thread_blocked, id=12908, stack(0x000000335f400000,0x000000335f500000) (1024K)]
  0x0000013ff131be10 JavaThread "Unconstrained build operations Thread 140"        [_thread_blocked, id=30440, stack(0x000000335f500000,0x000000335f600000) (1024K)]
  0x0000013ff131b0f0 JavaThread "Unconstrained build operations Thread 141"        [_thread_blocked, id=27504, stack(0x000000335f600000,0x000000335f700000) (1024K)]
  0x0000013ff131c4a0 JavaThread "Unconstrained build operations Thread 142"        [_thread_blocked, id=34692, stack(0x000000335f700000,0x000000335f800000) (1024K)]
  0x0000013ff131b780 JavaThread "Unconstrained build operations Thread 143"        [_thread_blocked, id=23472, stack(0x000000335f800000,0x000000335f900000) (1024K)]
  0x0000013ff131cb30 JavaThread "Unconstrained build operations Thread 144"        [_thread_blocked, id=5388, stack(0x000000335f900000,0x000000335fa00000) (1024K)]
  0x0000013ff1319d40 JavaThread "Unconstrained build operations Thread 145"        [_thread_blocked, id=13240, stack(0x000000335fa00000,0x000000335fb00000) (1024K)]
  0x0000013ff131d1c0 JavaThread "Unconstrained build operations Thread 146"        [_thread_blocked, id=3756, stack(0x000000335fb00000,0x000000335fc00000) (1024K)]
  0x0000013ff131a3d0 JavaThread "Unconstrained build operations Thread 147"        [_thread_blocked, id=11556, stack(0x000000335fc00000,0x000000335fd00000) (1024K)]
  0x0000013ff131aa60 JavaThread "Unconstrained build operations Thread 148"        [_thread_blocked, id=4884, stack(0x000000335fd00000,0x000000335fe00000) (1024K)]
  0x0000013ff1320640 JavaThread "Unconstrained build operations Thread 149"        [_thread_blocked, id=22740, stack(0x000000335fe00000,0x000000335ff00000) (1024K)]
  0x0000013ff131e570 JavaThread "Unconstrained build operations Thread 150"        [_thread_blocked, id=33120, stack(0x000000335ff00000,0x0000003360000000) (1024K)]
  0x0000013ff131ec00 JavaThread "Unconstrained build operations Thread 151"        [_thread_blocked, id=18944, stack(0x0000003360000000,0x0000003360100000) (1024K)]
  0x0000013ff131d850 JavaThread "Unconstrained build operations Thread 152"        [_thread_blocked, id=12216, stack(0x0000003360100000,0x0000003360200000) (1024K)]
  0x0000013ff131f920 JavaThread "Unconstrained build operations Thread 153"        [_thread_blocked, id=12444, stack(0x0000003360200000,0x0000003360300000) (1024K)]
  0x0000013ff131ffb0 JavaThread "Unconstrained build operations Thread 154"        [_thread_blocked, id=33144, stack(0x0000003360300000,0x0000003360400000) (1024K)]
  0x0000013ff1320cd0 JavaThread "Unconstrained build operations Thread 155"        [_thread_blocked, id=33264, stack(0x0000003360400000,0x0000003360500000) (1024K)]
  0x0000013ff131f290 JavaThread "Unconstrained build operations Thread 156"        [_thread_blocked, id=17532, stack(0x0000003360500000,0x0000003360600000) (1024K)]
  0x0000013ff1321360 JavaThread "Unconstrained build operations Thread 157"        [_thread_blocked, id=30664, stack(0x0000003360600000,0x0000003360700000) (1024K)]
  0x0000013ff131dee0 JavaThread "Unconstrained build operations Thread 158"        [_thread_blocked, id=27224, stack(0x0000003360700000,0x0000003360800000) (1024K)]
  0x0000013ff1323ac0 JavaThread "Unconstrained build operations Thread 159"        [_thread_blocked, id=5808, stack(0x0000003360a00000,0x0000003360b00000) (1024K)]
  0x0000013ff1324150 JavaThread "Unconstrained build operations Thread 160"        [_thread_blocked, id=14964, stack(0x0000003360b00000,0x0000003360c00000) (1024K)]
  0x0000013ff1322080 JavaThread "jar transforms Thread 4"           [_thread_blocked, id=13092, stack(0x0000003360e00000,0x0000003360f00000) (1024K)]
  0x0000013ff13247e0 JavaThread "jar transforms Thread 5"           [_thread_blocked, id=32392, stack(0x0000003360f00000,0x0000003361000000) (1024K)]
  0x0000013ff1324e70 JavaThread "jar transforms Thread 6"           [_thread_blocked, id=4356, stack(0x0000003361000000,0x0000003361100000) (1024K)]
  0x0000013ff28cc080 JavaThread "build event listener"              [_thread_blocked, id=23860, stack(0x0000003360c00000,0x0000003360d00000) (1024K)]
  0x0000013fef1a5ee0 JavaThread "jar transforms Thread 7"           [_thread_blocked, id=19932, stack(0x0000003361200000,0x0000003361300000) (1024K)]
  0x0000013fef1a2a60 JavaThread "jar transforms Thread 8"           [_thread_blocked, id=16988, stack(0x0000003361300000,0x0000003361400000) (1024K)]
  0x0000013fef1a3e10 JavaThread "jar transforms Thread 9"           [_thread_blocked, id=25444, stack(0x0000003361400000,0x0000003361500000) (1024K)]
  0x0000013ff13268b0 JavaThread "jar transforms Thread 10"          [_thread_blocked, id=29080, stack(0x0000003361600000,0x0000003361700000) (1024K)]
  0x0000013ff1328980 JavaThread "jar transforms Thread 11"          [_thread_blocked, id=21832, stack(0x0000003361100000,0x0000003361200000) (1024K)]
  0x0000013ff1326f40 JavaThread "jar transforms Thread 12"          [_thread_blocked, id=34204, stack(0x0000003361500000,0x0000003361600000) (1024K)]
  0x0000013ff1325500 JavaThread "jar transforms Thread 13"          [_thread_blocked, id=18028, stack(0x0000003361700000,0x0000003361800000) (1024K)]
  0x0000013ff1329010 JavaThread "jar transforms Thread 14"          [_thread_blocked, id=13988, stack(0x0000003361800000,0x0000003361900000) (1024K)]
  0x0000013ff1326220 JavaThread "jar transforms Thread 15"          [_thread_blocked, id=25060, stack(0x0000003361900000,0x0000003361a00000) (1024K)]
  0x0000013ff1325b90 JavaThread "jar transforms Thread 16"          [_thread_blocked, id=23448, stack(0x0000003361a00000,0x0000003361b00000) (1024K)]
  0x0000013ff136dae0 JavaThread "C2 CompilerThread1"         daemon [_thread_blocked, id=17760, stack(0x0000003351b00000,0x0000003351c00000) (1024K)]
  0x0000013ff136e880 JavaThread "C2 CompilerThread2"         daemon [_thread_blocked, id=24592, stack(0x000000335e200000,0x000000335e300000) (1024K)]
  0x0000013fe75d3cb0 JavaThread "C2 CompilerThread3"         daemon [_thread_blocked, id=20364, stack(0x0000003360d00000,0x0000003360e00000) (1024K)]
  0x0000013fe75d5120 JavaThread "C2 CompilerThread4"         daemon [_thread_blocked, id=20696, stack(0x0000003361b00000,0x0000003361c00000) (1024K)]
  0x0000013ffbe92cd0 JavaThread "Cache worker for execution history cache (C:\Users\amara\Documents\Projects\BetSocial\android\.gradle\8.10.2\executionHistory)"        [_thread_blocked, id=4876, stack(0x0000003361d00000,0x0000003361e00000) (1024K)]
Total: 251

Other Threads:
=>0x0000013fe758b9b0 VMThread "VM Thread"                           [id=29912, stack(0x0000003351200000,0x0000003351300000) (1024K)]
  0x0000013fe76610a0 WatcherThread "VM Periodic Task Thread"        [id=32692, stack(0x0000003351100000,0x0000003351200000) (1024K)]
  0x0000013fc8369150 WorkerThread "GC Thread#0"                     [id=21044, stack(0x0000003350c00000,0x0000003350d00000) (1024K)]
  0x0000013fec2b8ef0 WorkerThread "GC Thread#1"                     [id=33500, stack(0x0000003352100000,0x0000003352200000) (1024K)]
  0x0000013fec2b9290 WorkerThread "GC Thread#2"                     [id=13812, stack(0x0000003352200000,0x0000003352300000) (1024K)]
  0x0000013fec14cde0 WorkerThread "GC Thread#3"                     [id=21200, stack(0x0000003352300000,0x0000003352400000) (1024K)]
  0x0000013fec14d180 WorkerThread "GC Thread#4"                     [id=19256, stack(0x0000003352400000,0x0000003352500000) (1024K)]
  0x0000013fec546b30 WorkerThread "GC Thread#5"                     [id=22640, stack(0x0000003352500000,0x0000003352600000) (1024K)]
  0x0000013fed8c2460 WorkerThread "GC Thread#6"                     [id=6716, stack(0x0000003352700000,0x0000003352800000) (1024K)]
  0x0000013fed8c2800 WorkerThread "GC Thread#7"                     [id=15412, stack(0x0000003352800000,0x0000003352900000) (1024K)]
  0x0000013fedbd17b0 WorkerThread "GC Thread#8"                     [id=20380, stack(0x0000003352900000,0x0000003352a00000) (1024K)]
  0x0000013fedbd1070 WorkerThread "GC Thread#9"                     [id=23212, stack(0x0000003353800000,0x0000003353900000) (1024K)]
  0x0000013fedbd0590 WorkerThread "GC Thread#10"                    [id=26108, stack(0x0000003353900000,0x0000003353a00000) (1024K)]
  0x0000013fedbd0930 WorkerThread "GC Thread#11"                    [id=22108, stack(0x0000003353a00000,0x0000003353b00000) (1024K)]
  0x0000013ff23a57f0 WorkerThread "GC Thread#12"                    [id=6864, stack(0x0000003353b00000,0x0000003353c00000) (1024K)]
  0x0000013fc837b360 ConcurrentGCThread "G1 Main Marker"            [id=12472, stack(0x0000003350d00000,0x0000003350e00000) (1024K)]
  0x0000013fc837d080 WorkerThread "G1 Conc#0"                       [id=32744, stack(0x0000003350e00000,0x0000003350f00000) (1024K)]
  0x0000013ff23a2c70 WorkerThread "G1 Conc#1"                       [id=27492, stack(0x0000003353c00000,0x0000003353d00000) (1024K)]
  0x0000013ff23a5b90 WorkerThread "G1 Conc#2"                       [id=19196, stack(0x0000003353d00000,0x0000003353e00000) (1024K)]
  0x0000013fe74d07c0 ConcurrentGCThread "G1 Refine#0"               [id=34164, stack(0x0000003350f00000,0x0000003351000000) (1024K)]
  0x0000013fe74d0fe0 ConcurrentGCThread "G1 Service"                [id=23380, stack(0x0000003351000000,0x0000003351100000) (1024K)]
Total: 21

Threads with active compile tasks:
C2 CompilerThread3    29615 22251       4       org.gradle.cache.internal.btree.ByteOutput::done (13 bytes)
Total: 1

VM state: at safepoint (normal execution)

VM Mutex/Monitor currently owned by a thread:  ([mutex/lock_event])
[0x00007ffa05ed0e50] Threads_lock - owner thread: 0x0000013fe758b9b0
[0x00007ffa05ed0f50] Heap_lock - owner thread: 0x0000013fc837b360

Heap address: 0x0000000080000000, size: 2048 MB, Compressed Oops mode: 32-bit

CDS archive(s) mapped at: [0x0000013f80000000-0x0000013f80c90000-0x0000013f80c90000), size 13172736, SharedBaseAddress: 0x0000013f80000000, ArchiveRelocationMode: 1.
Compressed class space mapped at: 0x0000013f81000000-0x0000013f9b000000, reserved size: 436207616
Narrow klass base: 0x0000013f80000000, Narrow klass shift: 0, Narrow klass range: 0x100000000

GC Precious Log:
 CardTable entry size: 512
 Card Set container configuration: InlinePtr #cards 5 size 8 Array Of Cards #cards 12 size 40 Howl #buckets 4 coarsen threshold 1843 Howl Bitmap #cards 512 size 80 coarsen threshold 460 Card regions per heap region 1 cards per card region 2048
 CPUs: 16 total, 16 available
 Memory: 16307M
 Large Page Support: Disabled
 NUMA Support: Disabled
 Compressed Oops: Enabled (32-bit)
 Heap Region Size: 1M
 Heap Min Capacity: 8M
 Heap Initial Capacity: 256M
 Heap Max Capacity: 2G
 Pre-touch: Disabled
 Parallel Workers: 13
 Concurrent Workers: 3
 Concurrent Refinement Workers: 13
 Periodic GC: Disabled

Heap:
 garbage-first heap   total 495616K, used 338569K [0x0000000080000000, 0x0000000100000000)
  region size 1024K, 46 young (47104K), 12 survivors (12288K)
 Metaspace       used 120054K, committed 123072K, reserved 557056K
  class space    used 16568K, committed 18048K, reserved 425984K

Heap Regions: E=young(eden), S=young(survivor), O=old, HS=humongous(starts), HC=humongous(continues), CS=collection set, F=free, TAMS=top-at-mark-start, PB=parsable bottom
|   0|0x0000000080000000, 0x0000000080100000, 0x0000000080100000|100%| O|  |TAMS 0x0000000080100000| PB 0x0000000080100000| Updating 
|   1|0x0000000080100000, 0x0000000080200000, 0x0000000080200000|100%|HS|  |TAMS 0x0000000080200000| PB 0x0000000080100000| Complete 
|   2|0x0000000080200000, 0x0000000080300000, 0x0000000080300000|100%|HC|  |TAMS 0x0000000080300000| PB 0x0000000080200000| Complete 
|   3|0x0000000080300000, 0x0000000080400000, 0x0000000080400000|100%|HC|  |TAMS 0x0000000080400000| PB 0x0000000080300000| Complete 
|   4|0x0000000080400000, 0x0000000080500000, 0x0000000080500000|100%|HC|  |TAMS 0x0000000080500000| PB 0x0000000080400000| Complete 
|   5|0x0000000080500000, 0x0000000080600000, 0x0000000080600000|100%| O|  |TAMS 0x0000000080600000| PB 0x0000000080600000| Untracked 
|   6|0x0000000080600000, 0x0000000080700000, 0x0000000080700000|100%| O|  |TAMS 0x0000000080700000| PB 0x0000000080700000| Untracked 
|   7|0x0000000080700000, 0x0000000080800000, 0x0000000080800000|100%| O|  |TAMS 0x0000000080800000| PB 0x0000000080800000| Untracked 
|   8|0x0000000080800000, 0x0000000080900000, 0x0000000080900000|100%|HS|  |TAMS 0x0000000080900000| PB 0x0000000080800000| Complete 
|   9|0x0000000080900000, 0x0000000080a00000, 0x0000000080a00000|100%| O|  |TAMS 0x0000000080a00000| PB 0x0000000080a00000| Untracked 
|  10|0x0000000080a00000, 0x0000000080b00000, 0x0000000080b00000|100%| O|  |TAMS 0x0000000080b00000| PB 0x0000000080b00000| Untracked 
|  11|0x0000000080b00000, 0x0000000080c00000, 0x0000000080c00000|100%| O|  |TAMS 0x0000000080c00000| PB 0x0000000080c00000| Untracked 
|  12|0x0000000080c00000, 0x0000000080d00000, 0x0000000080d00000|100%| O|  |TAMS 0x0000000080d00000| PB 0x0000000080d00000| Untracked 
|  13|0x0000000080d00000, 0x0000000080e00000, 0x0000000080e00000|100%| O|  |TAMS 0x0000000080e00000| PB 0x0000000080e00000| Untracked 
|  14|0x0000000080e00000, 0x0000000080f00000, 0x0000000080f00000|100%| O|  |TAMS 0x0000000080f00000| PB 0x0000000080f00000| Untracked 
|  15|0x0000000080f00000, 0x0000000081000000, 0x0000000081000000|100%| O|  |TAMS 0x0000000081000000| PB 0x0000000081000000| Untracked 
|  16|0x0000000081000000, 0x0000000081100000, 0x0000000081100000|100%| O|  |TAMS 0x0000000081100000| PB 0x0000000081100000| Untracked 
|  17|0x0000000081100000, 0x0000000081200000, 0x0000000081200000|100%| O|  |TAMS 0x0000000081200000| PB 0x0000000081200000| Untracked 
|  18|0x0000000081200000, 0x0000000081300000, 0x0000000081300000|100%| O|  |TAMS 0x0000000081300000| PB 0x0000000081300000| Untracked 
|  19|0x0000000081300000, 0x0000000081400000, 0x0000000081400000|100%| O|  |TAMS 0x0000000081400000| PB 0x0000000081400000| Untracked 
|  20|0x0000000081400000, 0x0000000081500000, 0x0000000081500000|100%| O|  |TAMS 0x0000000081500000| PB 0x0000000081500000| Untracked 
|  21|0x0000000081500000, 0x0000000081600000, 0x0000000081600000|100%| O|  |TAMS 0x0000000081600000| PB 0x0000000081600000| Updating 
|  22|0x0000000081600000, 0x0000000081700000, 0x0000000081700000|100%| O|  |TAMS 0x0000000081700000| PB 0x0000000081700000| Updating 
|  23|0x0000000081700000, 0x0000000081800000, 0x0000000081800000|100%| O|  |TAMS 0x0000000081800000| PB 0x0000000081800000| Untracked 
|  24|0x0000000081800000, 0x0000000081900000, 0x0000000081900000|100%| O|  |TAMS 0x0000000081900000| PB 0x0000000081900000| Untracked 
|  25|0x0000000081900000, 0x0000000081a00000, 0x0000000081a00000|100%| O|  |TAMS 0x0000000081a00000| PB 0x0000000081a00000| Untracked 
|  26|0x0000000081a00000, 0x0000000081b00000, 0x0000000081b00000|100%| O|  |TAMS 0x0000000081b00000| PB 0x0000000081b00000| Updating 
|  27|0x0000000081b00000, 0x0000000081c00000, 0x0000000081c00000|100%| O|  |TAMS 0x0000000081c00000| PB 0x0000000081c00000| Updating 
|  28|0x0000000081c00000, 0x0000000081d00000, 0x0000000081d00000|100%| O|  |TAMS 0x0000000081d00000| PB 0x0000000081d00000| Updating 
|  29|0x0000000081d00000, 0x0000000081e00000, 0x0000000081e00000|100%| O|  |TAMS 0x0000000081e00000| PB 0x0000000081e00000| Untracked 
|  30|0x0000000081e00000, 0x0000000081f00000, 0x0000000081f00000|100%| O|  |TAMS 0x0000000081f00000| PB 0x0000000081f00000| Untracked 
|  31|0x0000000081f00000, 0x0000000082000000, 0x0000000082000000|100%| O|  |TAMS 0x0000000082000000| PB 0x0000000082000000| Updating 
|  32|0x0000000082000000, 0x0000000082100000, 0x0000000082100000|100%| O|  |TAMS 0x0000000082100000| PB 0x0000000082100000| Untracked 
|  33|0x0000000082100000, 0x0000000082200000, 0x0000000082200000|100%| O|  |TAMS 0x0000000082200000| PB 0x0000000082200000| Untracked 
|  34|0x0000000082200000, 0x0000000082300000, 0x0000000082300000|100%| O|  |TAMS 0x0000000082300000| PB 0x0000000082300000| Untracked 
|  35|0x0000000082300000, 0x0000000082400000, 0x0000000082400000|100%| O|  |TAMS 0x0000000082400000| PB 0x0000000082400000| Updating 
|  36|0x0000000082400000, 0x0000000082500000, 0x0000000082500000|100%| O|  |TAMS 0x0000000082500000| PB 0x0000000082500000| Untracked 
|  37|0x0000000082500000, 0x0000000082600000, 0x0000000082600000|100%| O|  |TAMS 0x0000000082600000| PB 0x0000000082600000| Untracked 
|  38|0x0000000082600000, 0x0000000082700000, 0x0000000082700000|100%| O|  |TAMS 0x0000000082700000| PB 0x0000000082700000| Untracked 
|  39|0x0000000082700000, 0x0000000082800000, 0x0000000082800000|100%|HS|  |TAMS 0x0000000082800000| PB 0x0000000082700000| Complete 
|  40|0x0000000082800000, 0x0000000082900000, 0x0000000082900000|100%|HC|  |TAMS 0x0000000082900000| PB 0x0000000082800000| Complete 
|  41|0x0000000082900000, 0x0000000082a00000, 0x0000000082a00000|100%|HS|  |TAMS 0x0000000082a00000| PB 0x0000000082900000| Complete 
|  42|0x0000000082a00000, 0x0000000082b00000, 0x0000000082b00000|100%|HC|  |TAMS 0x0000000082b00000| PB 0x0000000082a00000| Complete 
|  43|0x0000000082b00000, 0x0000000082c00000, 0x0000000082c00000|100%| O|  |TAMS 0x0000000082c00000| PB 0x0000000082c00000| Updating 
|  44|0x0000000082c00000, 0x0000000082d00000, 0x0000000082d00000|100%| O|  |TAMS 0x0000000082d00000| PB 0x0000000082d00000| Updating 
|  45|0x0000000082d00000, 0x0000000082e00000, 0x0000000082e00000|100%| O|  |TAMS 0x0000000082e00000| PB 0x0000000082e00000| Updating 
|  46|0x0000000082e00000, 0x0000000082f00000, 0x0000000082f00000|100%|HS|  |TAMS 0x0000000082f00000| PB 0x0000000082e00000| Complete 
|  47|0x0000000082f00000, 0x0000000083000000, 0x0000000083000000|100%|HC|  |TAMS 0x0000000083000000| PB 0x0000000082f00000| Complete 
|  48|0x0000000083000000, 0x0000000083100000, 0x0000000083100000|100%|HC|  |TAMS 0x0000000083100000| PB 0x0000000083000000| Complete 
|  49|0x0000000083100000, 0x0000000083200000, 0x0000000083200000|100%|HC|  |TAMS 0x0000000083200000| PB 0x0000000083100000| Complete 
|  50|0x0000000083200000, 0x0000000083300000, 0x0000000083300000|100%|HS|  |TAMS 0x0000000083300000| PB 0x0000000083200000| Complete 
|  51|0x0000000083300000, 0x0000000083400000, 0x0000000083400000|100%|HC|  |TAMS 0x0000000083400000| PB 0x0000000083300000| Complete 
|  52|0x0000000083400000, 0x0000000083500000, 0x0000000083500000|100%|HC|  |TAMS 0x0000000083500000| PB 0x0000000083400000| Complete 
|  53|0x0000000083500000, 0x0000000083600000, 0x0000000083600000|100%|HC|  |TAMS 0x0000000083600000| PB 0x0000000083500000| Complete 
|  54|0x0000000083600000, 0x0000000083700000, 0x0000000083700000|100%| O|  |TAMS 0x0000000083700000| PB 0x0000000083700000| Updating 
|  55|0x0000000083700000, 0x0000000083800000, 0x0000000083800000|100%| O|  |TAMS 0x0000000083800000| PB 0x0000000083800000| Untracked 
|  56|0x0000000083800000, 0x0000000083900000, 0x0000000083900000|100%| O|  |TAMS 0x0000000083900000| PB 0x0000000083900000| Updating 
|  57|0x0000000083900000, 0x0000000083a00000, 0x0000000083a00000|100%| O|  |TAMS 0x0000000083a00000| PB 0x0000000083a00000| Untracked 
|  58|0x0000000083a00000, 0x0000000083b00000, 0x0000000083b00000|100%| O|  |TAMS 0x0000000083b00000| PB 0x0000000083b00000| Untracked 
|  59|0x0000000083b00000, 0x0000000083c00000, 0x0000000083c00000|100%| O|  |TAMS 0x0000000083c00000| PB 0x0000000083c00000| Updating 
|  60|0x0000000083c00000, 0x0000000083d00000, 0x0000000083d00000|100%| O|  |TAMS 0x0000000083d00000| PB 0x0000000083d00000| Untracked 
|  61|0x0000000083d00000, 0x0000000083e00000, 0x0000000083e00000|100%| O|  |TAMS 0x0000000083e00000| PB 0x0000000083e00000| Updating 
|  62|0x0000000083e00000, 0x0000000083f00000, 0x0000000083f00000|100%| O|  |TAMS 0x0000000083f00000| PB 0x0000000083f00000| Updating 
|  63|0x0000000083f00000, 0x0000000084000000, 0x0000000084000000|100%| O|  |TAMS 0x0000000084000000| PB 0x0000000084000000| Untracked 
|  64|0x0000000084000000, 0x0000000084100000, 0x0000000084100000|100%| O|  |TAMS 0x0000000084100000| PB 0x0000000084100000| Untracked 
|  65|0x0000000084100000, 0x0000000084200000, 0x0000000084200000|100%| O|  |TAMS 0x0000000084200000| PB 0x0000000084200000| Untracked 
|  66|0x0000000084200000, 0x0000000084300000, 0x0000000084300000|100%| O|  |TAMS 0x0000000084300000| PB 0x0000000084300000| Updating 
|  67|0x0000000084300000, 0x0000000084400000, 0x0000000084400000|100%|HS|  |TAMS 0x0000000084400000| PB 0x0000000084300000| Complete 
|  68|0x0000000084400000, 0x0000000084500000, 0x0000000084500000|100%| O|  |TAMS 0x0000000084500000| PB 0x0000000084500000| Untracked 
|  69|0x0000000084500000, 0x0000000084600000, 0x0000000084600000|100%| O|  |TAMS 0x0000000084600000| PB 0x0000000084600000| Updating 
|  70|0x0000000084600000, 0x0000000084700000, 0x0000000084700000|100%| O|  |TAMS 0x0000000084700000| PB 0x0000000084700000| Untracked 
|  71|0x0000000084700000, 0x0000000084800000, 0x0000000084800000|100%| O|  |TAMS 0x0000000084800000| PB 0x0000000084800000| Updating 
|  72|0x0000000084800000, 0x0000000084900000, 0x0000000084900000|100%| O|  |TAMS 0x0000000084900000| PB 0x0000000084900000| Untracked 
|  73|0x0000000084900000, 0x0000000084a00000, 0x0000000084a00000|100%| O|  |TAMS 0x0000000084a00000| PB 0x0000000084a00000| Updating 
|  74|0x0000000084a00000, 0x0000000084b00000, 0x0000000084b00000|100%| O|  |TAMS 0x0000000084b00000| PB 0x0000000084b00000| Updating 
|  75|0x0000000084b00000, 0x0000000084c00000, 0x0000000084c00000|100%| O|  |TAMS 0x0000000084c00000| PB 0x0000000084c00000| Untracked 
|  76|0x0000000084c00000, 0x0000000084d00000, 0x0000000084d00000|100%| O|  |TAMS 0x0000000084d00000| PB 0x0000000084d00000| Untracked 
|  77|0x0000000084d00000, 0x0000000084e00000, 0x0000000084e00000|100%| O|  |TAMS 0x0000000084e00000| PB 0x0000000084e00000| Untracked 
|  78|0x0000000084e00000, 0x0000000084f00000, 0x0000000084f00000|100%| O|  |TAMS 0x0000000084f00000| PB 0x0000000084f00000| Untracked 
|  79|0x0000000084f00000, 0x0000000085000000, 0x0000000085000000|100%| O|  |TAMS 0x0000000085000000| PB 0x0000000085000000| Updating 
|  80|0x0000000085000000, 0x0000000085100000, 0x0000000085100000|100%|HS|  |TAMS 0x0000000085100000| PB 0x0000000085000000| Complete 
|  81|0x0000000085100000, 0x0000000085200000, 0x0000000085200000|100%|HS|  |TAMS 0x0000000085200000| PB 0x0000000085100000| Complete 
|  82|0x0000000085200000, 0x0000000085300000, 0x0000000085300000|100%|HS|  |TAMS 0x0000000085300000| PB 0x0000000085200000| Complete 
|  83|0x0000000085300000, 0x0000000085400000, 0x0000000085400000|100%| O|  |TAMS 0x0000000085400000| PB 0x0000000085400000| Untracked 
|  84|0x0000000085400000, 0x0000000085500000, 0x0000000085500000|100%|HS|  |TAMS 0x0000000085500000| PB 0x0000000085400000| Complete 
|  85|0x0000000085500000, 0x0000000085600000, 0x0000000085600000|100%|HS|  |TAMS 0x0000000085600000| PB 0x0000000085500000| Complete 
|  86|0x0000000085600000, 0x0000000085700000, 0x0000000085700000|100%| O|  |TAMS 0x0000000085700000| PB 0x0000000085700000| Untracked 
|  87|0x0000000085700000, 0x0000000085800000, 0x0000000085800000|100%| O|  |TAMS 0x0000000085800000| PB 0x0000000085800000| Updating 
|  88|0x0000000085800000, 0x0000000085900000, 0x0000000085900000|100%| O|  |TAMS 0x0000000085900000| PB 0x0000000085900000| Untracked 
|  89|0x0000000085900000, 0x0000000085a00000, 0x0000000085a00000|100%| O|  |TAMS 0x0000000085a00000| PB 0x0000000085a00000| Untracked 
|  90|0x0000000085a00000, 0x0000000085b00000, 0x0000000085b00000|100%| O|  |TAMS 0x0000000085b00000| PB 0x0000000085b00000| Untracked 
|  91|0x0000000085b00000, 0x0000000085c00000, 0x0000000085c00000|100%| O|  |TAMS 0x0000000085c00000| PB 0x0000000085c00000| Untracked 
|  92|0x0000000085c00000, 0x0000000085d00000, 0x0000000085d00000|100%|HS|  |TAMS 0x0000000085d00000| PB 0x0000000085c00000| Complete 
|  93|0x0000000085d00000, 0x0000000085e00000, 0x0000000085e00000|100%| O|  |TAMS 0x0000000085e00000| PB 0x0000000085e00000| Untracked 
|  94|0x0000000085e00000, 0x0000000085f00000, 0x0000000085f00000|100%| O|  |TAMS 0x0000000085f00000| PB 0x0000000085f00000| Updating 
|  95|0x0000000085f00000, 0x0000000086000000, 0x0000000086000000|100%| O|  |TAMS 0x0000000086000000| PB 0x0000000086000000| Updating 
|  96|0x0000000086000000, 0x0000000086100000, 0x0000000086100000|100%| O|  |TAMS 0x0000000086100000| PB 0x0000000086100000| Untracked 
|  97|0x0000000086100000, 0x0000000086200000, 0x0000000086200000|100%| O|  |TAMS 0x0000000086200000| PB 0x0000000086200000| Untracked 
|  98|0x0000000086200000, 0x0000000086300000, 0x0000000086300000|100%| O|  |TAMS 0x0000000086300000| PB 0x0000000086300000| Untracked 
|  99|0x0000000086300000, 0x0000000086400000, 0x0000000086400000|100%| O|  |TAMS 0x0000000086400000| PB 0x0000000086400000| Untracked 
| 100|0x0000000086400000, 0x0000000086500000, 0x0000000086500000|100%| O|  |TAMS 0x0000000086500000| PB 0x0000000086500000| Untracked 
| 101|0x0000000086500000, 0x0000000086600000, 0x0000000086600000|100%|HS|  |TAMS 0x0000000086600000| PB 0x0000000086500000| Complete 
| 102|0x0000000086600000, 0x0000000086700000, 0x0000000086700000|100%|HC|  |TAMS 0x0000000086700000| PB 0x0000000086600000| Complete 
| 103|0x0000000086700000, 0x0000000086800000, 0x0000000086800000|100%| O|  |TAMS 0x0000000086800000| PB 0x0000000086800000| Untracked 
| 104|0x0000000086800000, 0x0000000086900000, 0x0000000086900000|100%| O|  |TAMS 0x0000000086900000| PB 0x0000000086900000| Untracked 
| 105|0x0000000086900000, 0x0000000086a00000, 0x0000000086a00000|100%| O|  |TAMS 0x0000000086a00000| PB 0x0000000086a00000| Untracked 
| 106|0x0000000086a00000, 0x0000000086b00000, 0x0000000086b00000|100%| O|  |TAMS 0x0000000086b00000| PB 0x0000000086b00000| Updating 
| 107|0x0000000086b00000, 0x0000000086c00000, 0x0000000086c00000|100%| O|  |TAMS 0x0000000086c00000| PB 0x0000000086c00000| Untracked 
| 108|0x0000000086c00000, 0x0000000086d00000, 0x0000000086d00000|100%| O|  |TAMS 0x0000000086d00000| PB 0x0000000086d00000| Untracked 
| 109|0x0000000086d00000, 0x0000000086e00000, 0x0000000086e00000|100%| O|  |TAMS 0x0000000086e00000| PB 0x0000000086e00000| Untracked 
| 110|0x0000000086e00000, 0x0000000086f00000, 0x0000000086f00000|100%| O|  |TAMS 0x0000000086f00000| PB 0x0000000086f00000| Untracked 
| 111|0x0000000086f00000, 0x0000000087000000, 0x0000000087000000|100%| O|  |TAMS 0x0000000087000000| PB 0x0000000087000000| Untracked 
| 112|0x0000000087000000, 0x0000000087100000, 0x0000000087100000|100%| O|  |TAMS 0x0000000087100000| PB 0x0000000087100000| Updating 
| 113|0x0000000087100000, 0x0000000087200000, 0x0000000087200000|100%| O|  |TAMS 0x0000000087200000| PB 0x0000000087200000| Untracked 
| 114|0x0000000087200000, 0x0000000087300000, 0x0000000087300000|100%| O|  |TAMS 0x0000000087300000| PB 0x0000000087300000| Untracked 
| 115|0x0000000087300000, 0x0000000087400000, 0x0000000087400000|100%| O|  |TAMS 0x0000000087400000| PB 0x0000000087400000| Untracked 
| 116|0x0000000087400000, 0x0000000087500000, 0x0000000087500000|100%| O|  |TAMS 0x0000000087500000| PB 0x0000000087500000| Untracked 
| 117|0x0000000087500000, 0x0000000087600000, 0x0000000087600000|100%| O|  |TAMS 0x0000000087600000| PB 0x0000000087600000| Untracked 
| 118|0x0000000087600000, 0x0000000087700000, 0x0000000087700000|100%| O|  |TAMS 0x0000000087700000| PB 0x0000000087700000| Untracked 
| 119|0x0000000087700000, 0x0000000087800000, 0x0000000087800000|100%| O|  |TAMS 0x0000000087800000| PB 0x0000000087800000| Untracked 
| 120|0x0000000087800000, 0x0000000087900000, 0x0000000087900000|100%| O|  |TAMS 0x0000000087900000| PB 0x0000000087900000| Updating 
| 121|0x0000000087900000, 0x0000000087a00000, 0x0000000087a00000|100%| O|  |TAMS 0x0000000087a00000| PB 0x0000000087a00000| Updating 
| 122|0x0000000087a00000, 0x0000000087b00000, 0x0000000087b00000|100%|HS|  |TAMS 0x0000000087b00000| PB 0x0000000087a00000| Complete 
| 123|0x0000000087b00000, 0x0000000087c00000, 0x0000000087c00000|100%|HS|  |TAMS 0x0000000087c00000| PB 0x0000000087b00000| Complete 
| 124|0x0000000087c00000, 0x0000000087d00000, 0x0000000087d00000|100%|HS|  |TAMS 0x0000000087d00000| PB 0x0000000087c00000| Complete 
| 125|0x0000000087d00000, 0x0000000087e00000, 0x0000000087e00000|100%|HC|  |TAMS 0x0000000087e00000| PB 0x0000000087d00000| Complete 
| 126|0x0000000087e00000, 0x0000000087f00000, 0x0000000087f00000|100%| O|  |TAMS 0x0000000087f00000| PB 0x0000000087f00000| Untracked 
| 127|0x0000000087f00000, 0x0000000088000000, 0x0000000088000000|100%| O|  |TAMS 0x0000000088000000| PB 0x0000000088000000| Untracked 
| 128|0x0000000088000000, 0x0000000088100000, 0x0000000088100000|100%| O|  |TAMS 0x0000000088100000| PB 0x0000000088100000| Updating 
| 129|0x0000000088100000, 0x0000000088200000, 0x0000000088200000|100%| O|  |TAMS 0x0000000088200000| PB 0x0000000088200000| Untracked 
| 130|0x0000000088200000, 0x0000000088300000, 0x0000000088300000|100%| O|  |TAMS 0x0000000088300000| PB 0x0000000088300000| Untracked 
| 131|0x0000000088300000, 0x0000000088400000, 0x0000000088400000|100%| O|  |TAMS 0x0000000088400000| PB 0x0000000088400000| Untracked 
| 132|0x0000000088400000, 0x0000000088500000, 0x0000000088500000|100%| O|  |TAMS 0x0000000088500000| PB 0x0000000088500000| Untracked 
| 133|0x0000000088500000, 0x0000000088600000, 0x0000000088600000|100%| O|  |TAMS 0x0000000088600000| PB 0x0000000088600000| Untracked 
| 134|0x0000000088600000, 0x0000000088700000, 0x0000000088700000|100%| O|  |TAMS 0x0000000088700000| PB 0x0000000088700000| Untracked 
| 135|0x0000000088700000, 0x0000000088800000, 0x0000000088800000|100%| O|  |TAMS 0x0000000088800000| PB 0x0000000088800000| Updating 
| 136|0x0000000088800000, 0x0000000088900000, 0x0000000088900000|100%| O|  |TAMS 0x0000000088900000| PB 0x0000000088900000| Untracked 
| 137|0x0000000088900000, 0x0000000088a00000, 0x0000000088a00000|100%| O|  |TAMS 0x0000000088a00000| PB 0x0000000088a00000| Untracked 
| 138|0x0000000088a00000, 0x0000000088b00000, 0x0000000088b00000|100%| O|  |TAMS 0x0000000088b00000| PB 0x0000000088b00000| Updating 
| 139|0x0000000088b00000, 0x0000000088c00000, 0x0000000088c00000|100%| O|  |TAMS 0x0000000088c00000| PB 0x0000000088c00000| Updating 
| 140|0x0000000088c00000, 0x0000000088d00000, 0x0000000088d00000|100%| O|  |TAMS 0x0000000088d00000| PB 0x0000000088d00000| Untracked 
| 141|0x0000000088d00000, 0x0000000088e00000, 0x0000000088e00000|100%| O|  |TAMS 0x0000000088e00000| PB 0x0000000088e00000| Untracked 
| 142|0x0000000088e00000, 0x0000000088f00000, 0x0000000088f00000|100%| O|  |TAMS 0x0000000088f00000| PB 0x0000000088f00000| Untracked 
| 143|0x0000000088f00000, 0x0000000089000000, 0x0000000089000000|100%| O|  |TAMS 0x0000000089000000| PB 0x0000000089000000| Untracked 
| 144|0x0000000089000000, 0x0000000089100000, 0x0000000089100000|100%| O|  |TAMS 0x0000000089100000| PB 0x0000000089100000| Untracked 
| 145|0x0000000089100000, 0x0000000089200000, 0x0000000089200000|100%| O|  |TAMS 0x0000000089200000| PB 0x0000000089200000| Untracked 
| 146|0x0000000089200000, 0x0000000089300000, 0x0000000089300000|100%| O|  |TAMS 0x0000000089300000| PB 0x0000000089300000| Untracked 
| 147|0x0000000089300000, 0x0000000089400000, 0x0000000089400000|100%| O|  |TAMS 0x0000000089400000| PB 0x0000000089400000| Untracked 
| 148|0x0000000089400000, 0x0000000089500000, 0x0000000089500000|100%| O|  |TAMS 0x0000000089500000| PB 0x0000000089500000| Untracked 
| 149|0x0000000089500000, 0x0000000089600000, 0x0000000089600000|100%| O|  |TAMS 0x0000000089600000| PB 0x0000000089600000| Untracked 
| 150|0x0000000089600000, 0x0000000089700000, 0x0000000089700000|100%| O|  |TAMS 0x0000000089700000| PB 0x0000000089700000| Updating 
| 151|0x0000000089700000, 0x0000000089800000, 0x0000000089800000|100%| O|  |TAMS 0x0000000089800000| PB 0x0000000089800000| Untracked 
| 152|0x0000000089800000, 0x0000000089900000, 0x0000000089900000|100%| O|  |TAMS 0x0000000089900000| PB 0x0000000089900000| Updating 
| 153|0x0000000089900000, 0x0000000089a00000, 0x0000000089a00000|100%| O|  |TAMS 0x0000000089a00000| PB 0x0000000089a00000| Untracked 
| 154|0x0000000089a00000, 0x0000000089b00000, 0x0000000089b00000|100%| O|  |TAMS 0x0000000089b00000| PB 0x0000000089b00000| Updating 
| 155|0x0000000089b00000, 0x0000000089c00000, 0x0000000089c00000|100%| O|  |TAMS 0x0000000089c00000| PB 0x0000000089c00000| Untracked 
| 156|0x0000000089c00000, 0x0000000089d00000, 0x0000000089d00000|100%| O|  |TAMS 0x0000000089d00000| PB 0x0000000089d00000| Updating 
| 157|0x0000000089d00000, 0x0000000089e00000, 0x0000000089e00000|100%| O|  |TAMS 0x0000000089e00000| PB 0x0000000089e00000| Untracked 
| 158|0x0000000089e00000, 0x0000000089f00000, 0x0000000089f00000|100%| O|  |TAMS 0x0000000089f00000| PB 0x0000000089f00000| Untracked 
| 159|0x0000000089f00000, 0x000000008a000000, 0x000000008a000000|100%| O|  |TAMS 0x000000008a000000| PB 0x000000008a000000| Untracked 
| 160|0x000000008a000000, 0x000000008a100000, 0x000000008a100000|100%| O|  |TAMS 0x000000008a100000| PB 0x000000008a100000| Updating 
| 161|0x000000008a100000, 0x000000008a200000, 0x000000008a200000|100%| O|  |TAMS 0x000000008a200000| PB 0x000000008a200000| Untracked 
| 162|0x000000008a200000, 0x000000008a300000, 0x000000008a300000|100%|HS|  |TAMS 0x000000008a200000| PB 0x000000008a200000| Complete 
| 163|0x000000008a300000, 0x000000008a400000, 0x000000008a400000|100%|HS|  |TAMS 0x000000008a300000| PB 0x000000008a300000| Complete 
| 164|0x000000008a400000, 0x000000008a500000, 0x000000008a500000|100%|HS|  |TAMS 0x000000008a500000| PB 0x000000008a400000| Complete 
| 165|0x000000008a500000, 0x000000008a600000, 0x000000008a600000|100%|HS|  |TAMS 0x000000008a600000| PB 0x000000008a500000| Complete 
| 166|0x000000008a600000, 0x000000008a700000, 0x000000008a700000|100%|HS|  |TAMS 0x000000008a700000| PB 0x000000008a600000| Complete 
| 167|0x000000008a700000, 0x000000008a800000, 0x000000008a800000|100%| O|  |TAMS 0x000000008a800000| PB 0x000000008a800000| Untracked 
| 168|0x000000008a800000, 0x000000008a900000, 0x000000008a900000|100%| O|  |TAMS 0x000000008a900000| PB 0x000000008a900000| Untracked 
| 169|0x000000008a900000, 0x000000008aa00000, 0x000000008aa00000|100%| O|  |TAMS 0x000000008aa00000| PB 0x000000008aa00000| Untracked 
| 170|0x000000008aa00000, 0x000000008ab00000, 0x000000008ab00000|100%| O|  |TAMS 0x000000008ab00000| PB 0x000000008ab00000| Untracked 
| 171|0x000000008ab00000, 0x000000008ac00000, 0x000000008ac00000|100%| O|  |TAMS 0x000000008ac00000| PB 0x000000008ac00000| Untracked 
| 172|0x000000008ac00000, 0x000000008ad00000, 0x000000008ad00000|100%| O|  |TAMS 0x000000008ad00000| PB 0x000000008ad00000| Untracked 
| 173|0x000000008ad00000, 0x000000008ae00000, 0x000000008ae00000|100%| O|  |TAMS 0x000000008ae00000| PB 0x000000008ae00000| Untracked 
| 174|0x000000008ae00000, 0x000000008af00000, 0x000000008af00000|100%| O|  |TAMS 0x000000008af00000| PB 0x000000008af00000| Updating 
| 175|0x000000008af00000, 0x000000008b000000, 0x000000008b000000|100%| O|  |TAMS 0x000000008b000000| PB 0x000000008b000000| Untracked 
| 176|0x000000008b000000, 0x000000008b100000, 0x000000008b100000|100%| O|  |TAMS 0x000000008b100000| PB 0x000000008b100000| Untracked 
| 177|0x000000008b100000, 0x000000008b200000, 0x000000008b200000|100%| O|  |TAMS 0x000000008b200000| PB 0x000000008b200000| Updating 
| 178|0x000000008b200000, 0x000000008b300000, 0x000000008b300000|100%| O|  |TAMS 0x000000008b300000| PB 0x000000008b300000| Updating 
| 179|0x000000008b300000, 0x000000008b400000, 0x000000008b400000|100%| O|  |TAMS 0x000000008b400000| PB 0x000000008b400000| Updating 
| 180|0x000000008b400000, 0x000000008b500000, 0x000000008b500000|100%| O|  |TAMS 0x000000008b500000| PB 0x000000008b500000| Untracked 
| 181|0x000000008b500000, 0x000000008b600000, 0x000000008b600000|100%| O|  |TAMS 0x000000008b600000| PB 0x000000008b600000| Untracked 
| 182|0x000000008b600000, 0x000000008b700000, 0x000000008b700000|100%| O|  |TAMS 0x000000008b700000| PB 0x000000008b700000| Untracked 
| 183|0x000000008b700000, 0x000000008b800000, 0x000000008b800000|100%| O|  |TAMS 0x000000008b800000| PB 0x000000008b800000| Untracked 
| 184|0x000000008b800000, 0x000000008b900000, 0x000000008b900000|100%| O|  |TAMS 0x000000008b900000| PB 0x000000008b900000| Untracked 
| 185|0x000000008b900000, 0x000000008ba00000, 0x000000008ba00000|100%| O|  |TAMS 0x000000008ba00000| PB 0x000000008ba00000| Untracked 
| 186|0x000000008ba00000, 0x000000008bb00000, 0x000000008bb00000|100%| O|  |TAMS 0x000000008bb00000| PB 0x000000008bb00000| Untracked 
| 187|0x000000008bb00000, 0x000000008bc00000, 0x000000008bc00000|100%| O|  |TAMS 0x000000008bc00000| PB 0x000000008bc00000| Untracked 
| 188|0x000000008bc00000, 0x000000008bd00000, 0x000000008bd00000|100%| O|  |TAMS 0x000000008bd00000| PB 0x000000008bd00000| Untracked 
| 189|0x000000008bd00000, 0x000000008be00000, 0x000000008be00000|100%| O|  |TAMS 0x000000008be00000| PB 0x000000008be00000| Untracked 
| 190|0x000000008be00000, 0x000000008bf00000, 0x000000008bf00000|100%| O|  |TAMS 0x000000008bf00000| PB 0x000000008bf00000| Updating 
| 191|0x000000008bf00000, 0x000000008c000000, 0x000000008c000000|100%| O|  |TAMS 0x000000008c000000| PB 0x000000008c000000| Untracked 
| 192|0x000000008c000000, 0x000000008c100000, 0x000000008c100000|100%| O|  |TAMS 0x000000008c100000| PB 0x000000008c100000| Updating 
| 193|0x000000008c100000, 0x000000008c200000, 0x000000008c200000|100%| O|  |TAMS 0x000000008c200000| PB 0x000000008c200000| Untracked 
| 194|0x000000008c200000, 0x000000008c300000, 0x000000008c300000|100%| O|  |TAMS 0x000000008c300000| PB 0x000000008c300000| Untracked 
| 195|0x000000008c300000, 0x000000008c400000, 0x000000008c400000|100%| O|  |TAMS 0x000000008c400000| PB 0x000000008c400000| Updating 
| 196|0x000000008c400000, 0x000000008c500000, 0x000000008c500000|100%| O|  |TAMS 0x000000008c500000| PB 0x000000008c500000| Updating 
| 197|0x000000008c500000, 0x000000008c600000, 0x000000008c600000|100%| O|  |TAMS 0x000000008c600000| PB 0x000000008c600000| Untracked 
| 198|0x000000008c600000, 0x000000008c700000, 0x000000008c700000|100%| O|  |TAMS 0x000000008c700000| PB 0x000000008c700000| Untracked 
| 199|0x000000008c700000, 0x000000008c800000, 0x000000008c800000|100%| O|  |TAMS 0x000000008c800000| PB 0x000000008c800000| Untracked 
| 200|0x000000008c800000, 0x000000008c900000, 0x000000008c900000|100%| O|  |TAMS 0x000000008c900000| PB 0x000000008c900000| Untracked 
| 201|0x000000008c900000, 0x000000008c900000, 0x000000008ca00000|  0%| F|  |TAMS 0x000000008c900000| PB 0x000000008c900000| Untracked 
| 202|0x000000008ca00000, 0x000000008cb00000, 0x000000008cb00000|100%| O|  |TAMS 0x000000008cb00000| PB 0x000000008cb00000| Untracked 
| 203|0x000000008cb00000, 0x000000008cc00000, 0x000000008cc00000|100%| O|  |TAMS 0x000000008cc00000| PB 0x000000008cc00000| Untracked 
| 204|0x000000008cc00000, 0x000000008cd00000, 0x000000008cd00000|100%|HS|  |TAMS 0x000000008cd00000| PB 0x000000008cc00000| Complete 
| 205|0x000000008cd00000, 0x000000008cd00000, 0x000000008ce00000|  0%| F|  |TAMS 0x000000008cd00000| PB 0x000000008cd00000| Untracked 
| 206|0x000000008ce00000, 0x000000008cf00000, 0x000000008cf00000|100%| O|  |TAMS 0x000000008cf00000| PB 0x000000008cf00000| Untracked 
| 207|0x000000008cf00000, 0x000000008d000000, 0x000000008d000000|100%| O|  |TAMS 0x000000008d000000| PB 0x000000008d000000| Untracked 
| 208|0x000000008d000000, 0x000000008d100000, 0x000000008d100000|100%| O|  |TAMS 0x000000008d100000| PB 0x000000008d100000| Untracked 
| 209|0x000000008d100000, 0x000000008d200000, 0x000000008d200000|100%| O|  |TAMS 0x000000008d200000| PB 0x000000008d200000| Updating 
| 210|0x000000008d200000, 0x000000008d300000, 0x000000008d300000|100%| O|  |TAMS 0x000000008d300000| PB 0x000000008d300000| Updating 
| 211|0x000000008d300000, 0x000000008d400000, 0x000000008d400000|100%|HS|  |TAMS 0x000000008d400000| PB 0x000000008d300000| Complete 
| 212|0x000000008d400000, 0x000000008d500000, 0x000000008d500000|100%|HS|  |TAMS 0x000000008d500000| PB 0x000000008d400000| Complete 
| 213|0x000000008d500000, 0x000000008d600000, 0x000000008d600000|100%|HS|  |TAMS 0x000000008d600000| PB 0x000000008d500000| Complete 
| 214|0x000000008d600000, 0x000000008d700000, 0x000000008d700000|100%| O|  |TAMS 0x000000008d700000| PB 0x000000008d700000| Untracked 
| 215|0x000000008d700000, 0x000000008d800000, 0x000000008d800000|100%| O|  |TAMS 0x000000008d800000| PB 0x000000008d800000| Untracked 
| 216|0x000000008d800000, 0x000000008d900000, 0x000000008d900000|100%| O|  |TAMS 0x000000008d900000| PB 0x000000008d900000| Untracked 
| 217|0x000000008d900000, 0x000000008da00000, 0x000000008da00000|100%| O|  |TAMS 0x000000008da00000| PB 0x000000008da00000| Untracked 
| 218|0x000000008da00000, 0x000000008da00000, 0x000000008db00000|  0%| F|  |TAMS 0x000000008da00000| PB 0x000000008da00000| Untracked 
| 219|0x000000008db00000, 0x000000008dc00000, 0x000000008dc00000|100%| O|  |TAMS 0x000000008dc00000| PB 0x000000008dc00000| Untracked 
| 220|0x000000008dc00000, 0x000000008dd00000, 0x000000008dd00000|100%| O|  |TAMS 0x000000008dd00000| PB 0x000000008dd00000| Updating 
| 221|0x000000008dd00000, 0x000000008de00000, 0x000000008de00000|100%|HS|  |TAMS 0x000000008de00000| PB 0x000000008dd00000| Complete 
| 222|0x000000008de00000, 0x000000008df00000, 0x000000008df00000|100%| O|  |TAMS 0x000000008df00000| PB 0x000000008df00000| Untracked 
| 223|0x000000008df00000, 0x000000008e000000, 0x000000008e000000|100%| O|  |TAMS 0x000000008e000000| PB 0x000000008e000000| Untracked 
| 224|0x000000008e000000, 0x000000008e100000, 0x000000008e100000|100%| O|  |TAMS 0x000000008e100000| PB 0x000000008e100000| Untracked 
| 225|0x000000008e100000, 0x000000008e200000, 0x000000008e200000|100%| O|  |TAMS 0x000000008e200000| PB 0x000000008e200000| Untracked 
| 226|0x000000008e200000, 0x000000008e300000, 0x000000008e300000|100%| O|  |TAMS 0x000000008e300000| PB 0x000000008e300000| Untracked 
| 227|0x000000008e300000, 0x000000008e400000, 0x000000008e400000|100%| O|  |TAMS 0x000000008e400000| PB 0x000000008e400000| Untracked 
| 228|0x000000008e400000, 0x000000008e500000, 0x000000008e500000|100%| O|  |TAMS 0x000000008e500000| PB 0x000000008e500000| Untracked 
| 229|0x000000008e500000, 0x000000008e600000, 0x000000008e600000|100%| O|  |TAMS 0x000000008e600000| PB 0x000000008e600000| Untracked 
| 230|0x000000008e600000, 0x000000008e700000, 0x000000008e700000|100%| O|  |TAMS 0x000000008e700000| PB 0x000000008e700000| Untracked 
| 231|0x000000008e700000, 0x000000008e800000, 0x000000008e800000|100%| O|  |TAMS 0x000000008e800000| PB 0x000000008e800000| Untracked 
| 232|0x000000008e800000, 0x000000008e900000, 0x000000008e900000|100%| O|  |TAMS 0x000000008e900000| PB 0x000000008e900000| Untracked 
| 233|0x000000008e900000, 0x000000008ea00000, 0x000000008ea00000|100%| O|  |TAMS 0x000000008ea00000| PB 0x000000008ea00000| Untracked 
| 234|0x000000008ea00000, 0x000000008eb00000, 0x000000008eb00000|100%| O|  |TAMS 0x000000008eb00000| PB 0x000000008eb00000| Untracked 
| 235|0x000000008eb00000, 0x000000008ec00000, 0x000000008ec00000|100%| O|  |TAMS 0x000000008ec00000| PB 0x000000008ec00000| Updating 
| 236|0x000000008ec00000, 0x000000008ed00000, 0x000000008ed00000|100%| O|  |TAMS 0x000000008ed00000| PB 0x000000008ed00000| Updating 
| 237|0x000000008ed00000, 0x000000008ee00000, 0x000000008ee00000|100%| O|  |TAMS 0x000000008ee00000| PB 0x000000008ee00000| Updating 
| 238|0x000000008ee00000, 0x000000008ef00000, 0x000000008ef00000|100%| O|  |TAMS 0x000000008ef00000| PB 0x000000008ef00000| Untracked 
| 239|0x000000008ef00000, 0x000000008f000000, 0x000000008f000000|100%| O|  |TAMS 0x000000008f000000| PB 0x000000008f000000| Untracked 
| 240|0x000000008f000000, 0x000000008f100000, 0x000000008f100000|100%| O|  |TAMS 0x000000008f100000| PB 0x000000008f100000| Updating 
| 241|0x000000008f100000, 0x000000008f200000, 0x000000008f200000|100%| O|  |TAMS 0x000000008f200000| PB 0x000000008f200000| Untracked 
| 242|0x000000008f200000, 0x000000008f300000, 0x000000008f300000|100%| O|  |TAMS 0x000000008f300000| PB 0x000000008f300000| Untracked 
| 243|0x000000008f300000, 0x000000008f400000, 0x000000008f400000|100%| O|  |TAMS 0x000000008f400000| PB 0x000000008f400000| Updating 
| 244|0x000000008f400000, 0x000000008f500000, 0x000000008f500000|100%| O|  |TAMS 0x000000008f500000| PB 0x000000008f500000| Updating 
| 245|0x000000008f500000, 0x000000008f600000, 0x000000008f600000|100%| O|  |TAMS 0x000000008f600000| PB 0x000000008f600000| Updating 
| 246|0x000000008f600000, 0x000000008f700000, 0x000000008f700000|100%| O|  |TAMS 0x000000008f700000| PB 0x000000008f700000| Updating 
| 247|0x000000008f700000, 0x000000008f800000, 0x000000008f800000|100%| O|  |TAMS 0x000000008f800000| PB 0x000000008f800000| Updating 
| 248|0x000000008f800000, 0x000000008f900000, 0x000000008f900000|100%| O|  |TAMS 0x000000008f900000| PB 0x000000008f900000| Untracked 
| 249|0x000000008f900000, 0x000000008fa00000, 0x000000008fa00000|100%| O|  |TAMS 0x000000008fa00000| PB 0x000000008fa00000| Untracked 
| 250|0x000000008fa00000, 0x000000008fb00000, 0x000000008fb00000|100%| O|  |TAMS 0x000000008fb00000| PB 0x000000008fb00000| Untracked 
| 251|0x000000008fb00000, 0x000000008fc00000, 0x000000008fc00000|100%| O|  |TAMS 0x000000008fc00000| PB 0x000000008fc00000| Untracked 
| 252|0x000000008fc00000, 0x000000008fd00000, 0x000000008fd00000|100%| O|  |TAMS 0x000000008fd00000| PB 0x000000008fd00000| Untracked 
| 253|0x000000008fd00000, 0x000000008fd00000, 0x000000008fe00000|  0%| F|  |TAMS 0x000000008fd00000| PB 0x000000008fd00000| Untracked 
| 254|0x000000008fe00000, 0x000000008ff00000, 0x000000008ff00000|100%| O|  |TAMS 0x000000008ff00000| PB 0x000000008ff00000| Updating 
| 255|0x000000008ff00000, 0x000000008ff00000, 0x0000000090000000|  0%| F|  |TAMS 0x000000008ff00000| PB 0x000000008ff00000| Untracked 
| 256|0x0000000090000000, 0x0000000090100000, 0x0000000090100000|100%| O|  |TAMS 0x0000000090100000| PB 0x0000000090100000| Untracked 
| 257|0x0000000090100000, 0x0000000090200000, 0x0000000090200000|100%| O|  |TAMS 0x0000000090200000| PB 0x0000000090200000| Untracked 
| 258|0x0000000090200000, 0x0000000090300000, 0x0000000090300000|100%| O|  |TAMS 0x0000000090300000| PB 0x0000000090300000| Untracked 
| 259|0x0000000090300000, 0x0000000090400000, 0x0000000090400000|100%| O|  |TAMS 0x0000000090400000| PB 0x0000000090400000| Untracked 
| 260|0x0000000090400000, 0x0000000090500000, 0x0000000090500000|100%| O|  |TAMS 0x0000000090500000| PB 0x0000000090500000| Untracked 
| 261|0x0000000090500000, 0x0000000090600000, 0x0000000090600000|100%| O|  |TAMS 0x0000000090600000| PB 0x0000000090600000| Untracked 
| 262|0x0000000090600000, 0x0000000090700000, 0x0000000090700000|100%| O|  |TAMS 0x0000000090700000| PB 0x0000000090700000| Untracked 
| 263|0x0000000090700000, 0x0000000090800000, 0x0000000090800000|100%| O|  |TAMS 0x0000000090800000| PB 0x0000000090800000| Untracked 
| 264|0x0000000090800000, 0x0000000090900000, 0x0000000090900000|100%| O|  |TAMS 0x0000000090900000| PB 0x0000000090900000| Untracked 
| 265|0x0000000090900000, 0x0000000090a00000, 0x0000000090a00000|100%| O|  |TAMS 0x0000000090a00000| PB 0x0000000090a00000| Untracked 
| 266|0x0000000090a00000, 0x0000000090b00000, 0x0000000090b00000|100%| O|  |TAMS 0x0000000090b00000| PB 0x0000000090b00000| Untracked 
| 267|0x0000000090b00000, 0x0000000090c00000, 0x0000000090c00000|100%| O|  |TAMS 0x0000000090c00000| PB 0x0000000090c00000| Updating 
| 268|0x0000000090c00000, 0x0000000090d00000, 0x0000000090d00000|100%| O|  |TAMS 0x0000000090d00000| PB 0x0000000090d00000| Untracked 
| 269|0x0000000090d00000, 0x0000000090e00000, 0x0000000090e00000|100%| O|  |TAMS 0x0000000090e00000| PB 0x0000000090e00000| Untracked 
| 270|0x0000000090e00000, 0x0000000090f00000, 0x0000000090f00000|100%| O|  |TAMS 0x0000000090f00000| PB 0x0000000090f00000| Untracked 
| 271|0x0000000090f00000, 0x0000000091000000, 0x0000000091000000|100%| O|  |TAMS 0x0000000091000000| PB 0x0000000091000000| Updating 
| 272|0x0000000091000000, 0x0000000091100000, 0x0000000091100000|100%| O|  |TAMS 0x0000000091100000| PB 0x0000000091100000| Updating 
| 273|0x0000000091100000, 0x0000000091200000, 0x0000000091200000|100%| O|  |TAMS 0x0000000091200000| PB 0x0000000091200000| Updating 
| 274|0x0000000091200000, 0x0000000091300000, 0x0000000091300000|100%| O|  |TAMS 0x0000000091300000| PB 0x0000000091300000| Untracked 
| 275|0x0000000091300000, 0x0000000091400000, 0x0000000091400000|100%| O|  |TAMS 0x0000000091400000| PB 0x0000000091400000| Untracked 
| 276|0x0000000091400000, 0x0000000091500000, 0x0000000091500000|100%| O|  |TAMS 0x0000000091500000| PB 0x0000000091500000| Untracked 
| 277|0x0000000091500000, 0x0000000091600000, 0x0000000091600000|100%| O|  |TAMS 0x0000000091600000| PB 0x0000000091600000| Untracked 
| 278|0x0000000091600000, 0x0000000091700000, 0x0000000091700000|100%| O|  |TAMS 0x0000000091700000| PB 0x0000000091700000| Updating 
| 279|0x0000000091700000, 0x0000000091800000, 0x0000000091800000|100%| O|  |TAMS 0x0000000091800000| PB 0x0000000091800000| Updating 
| 280|0x0000000091800000, 0x0000000091900000, 0x0000000091900000|100%| O|  |TAMS 0x0000000091900000| PB 0x0000000091900000| Updating 
| 281|0x0000000091900000, 0x0000000091a00000, 0x0000000091a00000|100%| O|  |TAMS 0x0000000091a00000| PB 0x0000000091a00000| Updating 
| 282|0x0000000091a00000, 0x0000000091b00000, 0x0000000091b00000|100%| O|  |TAMS 0x0000000091b00000| PB 0x0000000091b00000| Updating 
| 283|0x0000000091b00000, 0x0000000091c00000, 0x0000000091c00000|100%| O|  |TAMS 0x0000000091c00000| PB 0x0000000091c00000| Updating 
| 284|0x0000000091c00000, 0x0000000091d00000, 0x0000000091d00000|100%| O|  |TAMS 0x0000000091d00000| PB 0x0000000091d00000| Updating 
| 285|0x0000000091d00000, 0x0000000091db1b88, 0x0000000091e00000| 69%| O|  |TAMS 0x0000000091db1b88| PB 0x0000000091db1b88| Updating 
| 286|0x0000000091e00000, 0x0000000091e00000, 0x0000000091f00000|  0%| F|  |TAMS 0x0000000091e00000| PB 0x0000000091e00000| Untracked 
| 287|0x0000000091f00000, 0x0000000091f00000, 0x0000000092000000|  0%| F|  |TAMS 0x0000000091f00000| PB 0x0000000091f00000| Untracked 
| 288|0x0000000092000000, 0x0000000092000000, 0x0000000092100000|  0%| F|  |TAMS 0x0000000092000000| PB 0x0000000092000000| Untracked 
| 289|0x0000000092100000, 0x0000000092100000, 0x0000000092200000|  0%| F|  |TAMS 0x0000000092100000| PB 0x0000000092100000| Untracked 
| 290|0x0000000092200000, 0x0000000092200000, 0x0000000092300000|  0%| F|  |TAMS 0x0000000092200000| PB 0x0000000092200000| Untracked 
| 291|0x0000000092300000, 0x0000000092300000, 0x0000000092400000|  0%| F|  |TAMS 0x0000000092300000| PB 0x0000000092300000| Untracked 
| 292|0x0000000092400000, 0x0000000092400000, 0x0000000092500000|  0%| F|  |TAMS 0x0000000092400000| PB 0x0000000092400000| Untracked 
| 293|0x0000000092500000, 0x0000000092500000, 0x0000000092600000|  0%| F|  |TAMS 0x0000000092500000| PB 0x0000000092500000| Untracked 
| 294|0x0000000092600000, 0x0000000092600000, 0x0000000092700000|  0%| F|  |TAMS 0x0000000092600000| PB 0x0000000092600000| Untracked 
| 295|0x0000000092700000, 0x0000000092700000, 0x0000000092800000|  0%| F|  |TAMS 0x0000000092700000| PB 0x0000000092700000| Untracked 
| 296|0x0000000092800000, 0x0000000092800000, 0x0000000092900000|  0%| F|  |TAMS 0x0000000092800000| PB 0x0000000092800000| Untracked 
| 297|0x0000000092900000, 0x0000000092900000, 0x0000000092a00000|  0%| F|  |TAMS 0x0000000092900000| PB 0x0000000092900000| Untracked 
| 298|0x0000000092a00000, 0x0000000092a00000, 0x0000000092b00000|  0%| F|  |TAMS 0x0000000092a00000| PB 0x0000000092a00000| Untracked 
| 299|0x0000000092b00000, 0x0000000092b00000, 0x0000000092c00000|  0%| F|  |TAMS 0x0000000092b00000| PB 0x0000000092b00000| Untracked 
| 300|0x0000000092c00000, 0x0000000092c00000, 0x0000000092d00000|  0%| F|  |TAMS 0x0000000092c00000| PB 0x0000000092c00000| Untracked 
| 301|0x0000000092d00000, 0x0000000092d00000, 0x0000000092e00000|  0%| F|  |TAMS 0x0000000092d00000| PB 0x0000000092d00000| Untracked 
| 302|0x0000000092e00000, 0x0000000092e00000, 0x0000000092f00000|  0%| F|  |TAMS 0x0000000092e00000| PB 0x0000000092e00000| Untracked 
| 303|0x0000000092f00000, 0x0000000092f00000, 0x0000000093000000|  0%| F|  |TAMS 0x0000000092f00000| PB 0x0000000092f00000| Untracked 
| 304|0x0000000093000000, 0x0000000093000000, 0x0000000093100000|  0%| F|  |TAMS 0x0000000093000000| PB 0x0000000093000000| Untracked 
| 305|0x0000000093100000, 0x0000000093100000, 0x0000000093200000|  0%| F|  |TAMS 0x0000000093100000| PB 0x0000000093100000| Untracked 
| 306|0x0000000093200000, 0x0000000093200000, 0x0000000093300000|  0%| F|  |TAMS 0x0000000093200000| PB 0x0000000093200000| Untracked 
| 307|0x0000000093300000, 0x0000000093300000, 0x0000000093400000|  0%| F|  |TAMS 0x0000000093300000| PB 0x0000000093300000| Untracked 
| 308|0x0000000093400000, 0x0000000093400000, 0x0000000093500000|  0%| F|  |TAMS 0x0000000093400000| PB 0x0000000093400000| Untracked 
| 309|0x0000000093500000, 0x0000000093500000, 0x0000000093600000|  0%| F|  |TAMS 0x0000000093500000| PB 0x0000000093500000| Untracked 
| 310|0x0000000093600000, 0x0000000093600000, 0x0000000093700000|  0%| F|  |TAMS 0x0000000093600000| PB 0x0000000093600000| Untracked 
| 311|0x0000000093700000, 0x0000000093700000, 0x0000000093800000|  0%| F|  |TAMS 0x0000000093700000| PB 0x0000000093700000| Untracked 
| 312|0x0000000093800000, 0x0000000093800000, 0x0000000093900000|  0%| F|  |TAMS 0x0000000093800000| PB 0x0000000093800000| Untracked 
| 313|0x0000000093900000, 0x0000000093900000, 0x0000000093a00000|  0%| F|  |TAMS 0x0000000093900000| PB 0x0000000093900000| Untracked 
| 314|0x0000000093a00000, 0x0000000093a00000, 0x0000000093b00000|  0%| F|  |TAMS 0x0000000093a00000| PB 0x0000000093a00000| Untracked 
| 315|0x0000000093b00000, 0x0000000093b00000, 0x0000000093c00000|  0%| F|  |TAMS 0x0000000093b00000| PB 0x0000000093b00000| Untracked 
| 316|0x0000000093c00000, 0x0000000093c00000, 0x0000000093d00000|  0%| F|  |TAMS 0x0000000093c00000| PB 0x0000000093c00000| Untracked 
| 317|0x0000000093d00000, 0x0000000093d00000, 0x0000000093e00000|  0%| F|  |TAMS 0x0000000093d00000| PB 0x0000000093d00000| Untracked 
| 318|0x0000000093e00000, 0x0000000093e00000, 0x0000000093f00000|  0%| F|  |TAMS 0x0000000093e00000| PB 0x0000000093e00000| Untracked 
| 319|0x0000000093f00000, 0x0000000093f00000, 0x0000000094000000|  0%| F|  |TAMS 0x0000000093f00000| PB 0x0000000093f00000| Untracked 
| 320|0x0000000094000000, 0x0000000094000000, 0x0000000094100000|  0%| F|  |TAMS 0x0000000094000000| PB 0x0000000094000000| Untracked 
| 321|0x0000000094100000, 0x0000000094100000, 0x0000000094200000|  0%| F|  |TAMS 0x0000000094100000| PB 0x0000000094100000| Untracked 
| 322|0x0000000094200000, 0x0000000094200000, 0x0000000094300000|  0%| F|  |TAMS 0x0000000094200000| PB 0x0000000094200000| Untracked 
| 323|0x0000000094300000, 0x0000000094300000, 0x0000000094400000|  0%| F|  |TAMS 0x0000000094300000| PB 0x0000000094300000| Untracked 
| 324|0x0000000094400000, 0x0000000094400000, 0x0000000094500000|  0%| F|  |TAMS 0x0000000094400000| PB 0x0000000094400000| Untracked 
| 325|0x0000000094500000, 0x0000000094500000, 0x0000000094600000|  0%| F|  |TAMS 0x0000000094500000| PB 0x0000000094500000| Untracked 
| 326|0x0000000094600000, 0x0000000094600000, 0x0000000094700000|  0%| F|  |TAMS 0x0000000094600000| PB 0x0000000094600000| Untracked 
| 327|0x0000000094700000, 0x0000000094700000, 0x0000000094800000|  0%| F|  |TAMS 0x0000000094700000| PB 0x0000000094700000| Untracked 
| 328|0x0000000094800000, 0x0000000094800000, 0x0000000094900000|  0%| F|  |TAMS 0x0000000094800000| PB 0x0000000094800000| Untracked 
| 329|0x0000000094900000, 0x0000000094900000, 0x0000000094a00000|  0%| F|  |TAMS 0x0000000094900000| PB 0x0000000094900000| Untracked 
| 330|0x0000000094a00000, 0x0000000094a00000, 0x0000000094b00000|  0%| F|  |TAMS 0x0000000094a00000| PB 0x0000000094a00000| Untracked 
| 331|0x0000000094b00000, 0x0000000094b00000, 0x0000000094c00000|  0%| F|  |TAMS 0x0000000094b00000| PB 0x0000000094b00000| Untracked 
| 332|0x0000000094c00000, 0x0000000094c00000, 0x0000000094d00000|  0%| F|  |TAMS 0x0000000094c00000| PB 0x0000000094c00000| Untracked 
| 333|0x0000000094d00000, 0x0000000094d00000, 0x0000000094e00000|  0%| F|  |TAMS 0x0000000094d00000| PB 0x0000000094d00000| Untracked 
| 334|0x0000000094e00000, 0x0000000094e00000, 0x0000000094f00000|  0%| F|  |TAMS 0x0000000094e00000| PB 0x0000000094e00000| Untracked 
| 335|0x0000000094f00000, 0x0000000094f00000, 0x0000000095000000|  0%| F|  |TAMS 0x0000000094f00000| PB 0x0000000094f00000| Untracked 
| 336|0x0000000095000000, 0x0000000095000000, 0x0000000095100000|  0%| F|  |TAMS 0x0000000095000000| PB 0x0000000095000000| Untracked 
| 337|0x0000000095100000, 0x0000000095100000, 0x0000000095200000|  0%| F|  |TAMS 0x0000000095100000| PB 0x0000000095100000| Untracked 
| 338|0x0000000095200000, 0x0000000095200000, 0x0000000095300000|  0%| F|  |TAMS 0x0000000095200000| PB 0x0000000095200000| Untracked 
| 339|0x0000000095300000, 0x0000000095300000, 0x0000000095400000|  0%| F|  |TAMS 0x0000000095300000| PB 0x0000000095300000| Untracked 
| 340|0x0000000095400000, 0x0000000095400000, 0x0000000095500000|  0%| F|  |TAMS 0x0000000095400000| PB 0x0000000095400000| Untracked 
| 341|0x0000000095500000, 0x0000000095500000, 0x0000000095600000|  0%| F|  |TAMS 0x0000000095500000| PB 0x0000000095500000| Untracked 
| 342|0x0000000095600000, 0x0000000095600000, 0x0000000095700000|  0%| F|  |TAMS 0x0000000095600000| PB 0x0000000095600000| Untracked 
| 343|0x0000000095700000, 0x0000000095700000, 0x0000000095800000|  0%| F|  |TAMS 0x0000000095700000| PB 0x0000000095700000| Untracked 
| 344|0x0000000095800000, 0x0000000095800000, 0x0000000095900000|  0%| F|  |TAMS 0x0000000095800000| PB 0x0000000095800000| Untracked 
| 345|0x0000000095900000, 0x0000000095900000, 0x0000000095a00000|  0%| F|  |TAMS 0x0000000095900000| PB 0x0000000095900000| Untracked 
| 346|0x0000000095a00000, 0x0000000095a00000, 0x0000000095b00000|  0%| F|  |TAMS 0x0000000095a00000| PB 0x0000000095a00000| Untracked 
| 347|0x0000000095b00000, 0x0000000095b00000, 0x0000000095c00000|  0%| F|  |TAMS 0x0000000095b00000| PB 0x0000000095b00000| Untracked 
| 348|0x0000000095c00000, 0x0000000095c00000, 0x0000000095d00000|  0%| F|  |TAMS 0x0000000095c00000| PB 0x0000000095c00000| Untracked 
| 349|0x0000000095d00000, 0x0000000095d00000, 0x0000000095e00000|  0%| F|  |TAMS 0x0000000095d00000| PB 0x0000000095d00000| Untracked 
| 350|0x0000000095e00000, 0x0000000095e00000, 0x0000000095f00000|  0%| F|  |TAMS 0x0000000095e00000| PB 0x0000000095e00000| Untracked 
| 351|0x0000000095f00000, 0x0000000095f00000, 0x0000000096000000|  0%| F|  |TAMS 0x0000000095f00000| PB 0x0000000095f00000| Untracked 
| 352|0x0000000096000000, 0x0000000096000000, 0x0000000096100000|  0%| F|  |TAMS 0x0000000096000000| PB 0x0000000096000000| Untracked 
| 353|0x0000000096100000, 0x0000000096100000, 0x0000000096200000|  0%| F|  |TAMS 0x0000000096100000| PB 0x0000000096100000| Untracked 
| 354|0x0000000096200000, 0x0000000096200000, 0x0000000096300000|  0%| F|  |TAMS 0x0000000096200000| PB 0x0000000096200000| Untracked 
| 355|0x0000000096300000, 0x00000000963f0a00, 0x0000000096400000| 93%| S|CS|TAMS 0x0000000096300000| PB 0x0000000096300000| Complete 
| 356|0x0000000096400000, 0x0000000096500000, 0x0000000096500000|100%| S|CS|TAMS 0x0000000096400000| PB 0x0000000096400000| Complete 
| 357|0x0000000096500000, 0x0000000096600000, 0x0000000096600000|100%| S|CS|TAMS 0x0000000096500000| PB 0x0000000096500000| Complete 
| 358|0x0000000096600000, 0x0000000096700000, 0x0000000096700000|100%| S|CS|TAMS 0x0000000096600000| PB 0x0000000096600000| Complete 
| 359|0x0000000096700000, 0x0000000096800000, 0x0000000096800000|100%| S|CS|TAMS 0x0000000096700000| PB 0x0000000096700000| Complete 
| 360|0x0000000096800000, 0x0000000096900000, 0x0000000096900000|100%| S|CS|TAMS 0x0000000096800000| PB 0x0000000096800000| Complete 
| 361|0x0000000096900000, 0x0000000096a00000, 0x0000000096a00000|100%| S|CS|TAMS 0x0000000096900000| PB 0x0000000096900000| Complete 
| 362|0x0000000096a00000, 0x0000000096b00000, 0x0000000096b00000|100%| S|CS|TAMS 0x0000000096a00000| PB 0x0000000096a00000| Complete 
| 363|0x0000000096b00000, 0x0000000096c00000, 0x0000000096c00000|100%| S|CS|TAMS 0x0000000096b00000| PB 0x0000000096b00000| Complete 
| 364|0x0000000096c00000, 0x0000000096d00000, 0x0000000096d00000|100%| S|CS|TAMS 0x0000000096c00000| PB 0x0000000096c00000| Complete 
| 365|0x0000000096d00000, 0x0000000096e00000, 0x0000000096e00000|100%| S|CS|TAMS 0x0000000096d00000| PB 0x0000000096d00000| Complete 
| 366|0x0000000096e00000, 0x0000000096f00000, 0x0000000096f00000|100%| S|CS|TAMS 0x0000000096e00000| PB 0x0000000096e00000| Complete 
| 367|0x0000000096f00000, 0x0000000096f00000, 0x0000000097000000|  0%| F|  |TAMS 0x0000000096f00000| PB 0x0000000096f00000| Untracked 
| 368|0x0000000097000000, 0x0000000097000000, 0x0000000097100000|  0%| F|  |TAMS 0x0000000097000000| PB 0x0000000097000000| Untracked 
| 369|0x0000000097100000, 0x0000000097100000, 0x0000000097200000|  0%| F|  |TAMS 0x0000000097100000| PB 0x0000000097100000| Untracked 
| 370|0x0000000097200000, 0x0000000097200000, 0x0000000097300000|  0%| F|  |TAMS 0x0000000097200000| PB 0x0000000097200000| Untracked 
| 371|0x0000000097300000, 0x0000000097300000, 0x0000000097400000|  0%| F|  |TAMS 0x0000000097300000| PB 0x0000000097300000| Untracked 
| 372|0x0000000097400000, 0x0000000097400000, 0x0000000097500000|  0%| F|  |TAMS 0x0000000097400000| PB 0x0000000097400000| Untracked 
| 373|0x0000000097500000, 0x0000000097500000, 0x0000000097600000|  0%| F|  |TAMS 0x0000000097500000| PB 0x0000000097500000| Untracked 
| 374|0x0000000097600000, 0x0000000097600000, 0x0000000097700000|  0%| F|  |TAMS 0x0000000097600000| PB 0x0000000097600000| Untracked 
| 375|0x0000000097700000, 0x0000000097700000, 0x0000000097800000|  0%| F|  |TAMS 0x0000000097700000| PB 0x0000000097700000| Untracked 
| 376|0x0000000097800000, 0x0000000097800000, 0x0000000097900000|  0%| F|  |TAMS 0x0000000097800000| PB 0x0000000097800000| Untracked 
| 377|0x0000000097900000, 0x0000000097900000, 0x0000000097a00000|  0%| F|  |TAMS 0x0000000097900000| PB 0x0000000097900000| Untracked 
| 378|0x0000000097a00000, 0x0000000097a00000, 0x0000000097b00000|  0%| F|  |TAMS 0x0000000097a00000| PB 0x0000000097a00000| Untracked 
| 379|0x0000000097b00000, 0x0000000097b00000, 0x0000000097c00000|  0%| F|  |TAMS 0x0000000097b00000| PB 0x0000000097b00000| Untracked 
| 380|0x0000000097c00000, 0x0000000097c00000, 0x0000000097d00000|  0%| F|  |TAMS 0x0000000097c00000| PB 0x0000000097c00000| Untracked 
| 381|0x0000000097d00000, 0x0000000097d00000, 0x0000000097e00000|  0%| F|  |TAMS 0x0000000097d00000| PB 0x0000000097d00000| Untracked 
| 382|0x0000000097e00000, 0x0000000097e00000, 0x0000000097f00000|  0%| F|  |TAMS 0x0000000097e00000| PB 0x0000000097e00000| Untracked 
| 383|0x0000000097f00000, 0x0000000097f00000, 0x0000000098000000|  0%| F|  |TAMS 0x0000000097f00000| PB 0x0000000097f00000| Untracked 
| 384|0x0000000098000000, 0x0000000098000000, 0x0000000098100000|  0%| F|  |TAMS 0x0000000098000000| PB 0x0000000098000000| Untracked 
| 385|0x0000000098100000, 0x0000000098100000, 0x0000000098200000|  0%| F|  |TAMS 0x0000000098100000| PB 0x0000000098100000| Untracked 
| 386|0x0000000098200000, 0x0000000098200000, 0x0000000098300000|  0%| F|  |TAMS 0x0000000098200000| PB 0x0000000098200000| Untracked 
| 387|0x0000000098300000, 0x0000000098300000, 0x0000000098400000|  0%| F|  |TAMS 0x0000000098300000| PB 0x0000000098300000| Untracked 
| 388|0x0000000098400000, 0x0000000098400000, 0x0000000098500000|  0%| F|  |TAMS 0x0000000098400000| PB 0x0000000098400000| Untracked 
| 389|0x0000000098500000, 0x0000000098500000, 0x0000000098600000|  0%| F|  |TAMS 0x0000000098500000| PB 0x0000000098500000| Untracked 
| 390|0x0000000098600000, 0x0000000098600000, 0x0000000098700000|  0%| F|  |TAMS 0x0000000098600000| PB 0x0000000098600000| Untracked 
| 391|0x0000000098700000, 0x0000000098700000, 0x0000000098800000|  0%| F|  |TAMS 0x0000000098700000| PB 0x0000000098700000| Untracked 
| 392|0x0000000098800000, 0x0000000098800000, 0x0000000098900000|  0%| F|  |TAMS 0x0000000098800000| PB 0x0000000098800000| Untracked 
| 393|0x0000000098900000, 0x0000000098900000, 0x0000000098a00000|  0%| F|  |TAMS 0x0000000098900000| PB 0x0000000098900000| Untracked 
| 394|0x0000000098a00000, 0x0000000098a00000, 0x0000000098b00000|  0%| F|  |TAMS 0x0000000098a00000| PB 0x0000000098a00000| Untracked 
| 395|0x0000000098b00000, 0x0000000098b00000, 0x0000000098c00000|  0%| F|  |TAMS 0x0000000098b00000| PB 0x0000000098b00000| Untracked 
| 396|0x0000000098c00000, 0x0000000098c00000, 0x0000000098d00000|  0%| F|  |TAMS 0x0000000098c00000| PB 0x0000000098c00000| Untracked 
| 397|0x0000000098d00000, 0x0000000098d00000, 0x0000000098e00000|  0%| F|  |TAMS 0x0000000098d00000| PB 0x0000000098d00000| Untracked 
| 398|0x0000000098e00000, 0x0000000098e00000, 0x0000000098f00000|  0%| F|  |TAMS 0x0000000098e00000| PB 0x0000000098e00000| Untracked 
| 399|0x0000000098f00000, 0x0000000098f00000, 0x0000000099000000|  0%| F|  |TAMS 0x0000000098f00000| PB 0x0000000098f00000| Untracked 
| 400|0x0000000099000000, 0x0000000099000000, 0x0000000099100000|  0%| F|  |TAMS 0x0000000099000000| PB 0x0000000099000000| Untracked 
| 401|0x0000000099100000, 0x0000000099100000, 0x0000000099200000|  0%| F|  |TAMS 0x0000000099100000| PB 0x0000000099100000| Untracked 
| 402|0x0000000099200000, 0x0000000099200000, 0x0000000099300000|  0%| F|  |TAMS 0x0000000099200000| PB 0x0000000099200000| Untracked 
| 403|0x0000000099300000, 0x0000000099300000, 0x0000000099400000|  0%| F|  |TAMS 0x0000000099300000| PB 0x0000000099300000| Untracked 
| 404|0x0000000099400000, 0x0000000099400000, 0x0000000099500000|  0%| F|  |TAMS 0x0000000099400000| PB 0x0000000099400000| Untracked 
| 405|0x0000000099500000, 0x0000000099500000, 0x0000000099600000|  0%| F|  |TAMS 0x0000000099500000| PB 0x0000000099500000| Untracked 
| 406|0x0000000099600000, 0x0000000099600000, 0x0000000099700000|  0%| F|  |TAMS 0x0000000099600000| PB 0x0000000099600000| Untracked 
| 407|0x0000000099700000, 0x0000000099700000, 0x0000000099800000|  0%| F|  |TAMS 0x0000000099700000| PB 0x0000000099700000| Untracked 
| 408|0x0000000099800000, 0x0000000099800000, 0x0000000099900000|  0%| F|  |TAMS 0x0000000099800000| PB 0x0000000099800000| Untracked 
| 409|0x0000000099900000, 0x0000000099900000, 0x0000000099a00000|  0%| F|  |TAMS 0x0000000099900000| PB 0x0000000099900000| Untracked 
| 410|0x0000000099a00000, 0x0000000099a00000, 0x0000000099b00000|  0%| F|  |TAMS 0x0000000099a00000| PB 0x0000000099a00000| Untracked 
| 411|0x0000000099b00000, 0x0000000099b00000, 0x0000000099c00000|  0%| F|  |TAMS 0x0000000099b00000| PB 0x0000000099b00000| Untracked 
| 412|0x0000000099c00000, 0x0000000099c00000, 0x0000000099d00000|  0%| F|  |TAMS 0x0000000099c00000| PB 0x0000000099c00000| Untracked 
| 413|0x0000000099d00000, 0x0000000099d00000, 0x0000000099e00000|  0%| F|  |TAMS 0x0000000099d00000| PB 0x0000000099d00000| Untracked 
| 414|0x0000000099e00000, 0x0000000099e00000, 0x0000000099f00000|  0%| F|  |TAMS 0x0000000099e00000| PB 0x0000000099e00000| Untracked 
| 415|0x0000000099f00000, 0x0000000099f00000, 0x000000009a000000|  0%| F|  |TAMS 0x0000000099f00000| PB 0x0000000099f00000| Untracked 
| 416|0x000000009a000000, 0x000000009a000000, 0x000000009a100000|  0%| F|  |TAMS 0x000000009a000000| PB 0x000000009a000000| Untracked 
| 417|0x000000009a100000, 0x000000009a100000, 0x000000009a200000|  0%| F|  |TAMS 0x000000009a100000| PB 0x000000009a100000| Untracked 
| 418|0x000000009a200000, 0x000000009a200000, 0x000000009a300000|  0%| F|  |TAMS 0x000000009a200000| PB 0x000000009a200000| Untracked 
| 419|0x000000009a300000, 0x000000009a300000, 0x000000009a400000|  0%| F|  |TAMS 0x000000009a300000| PB 0x000000009a300000| Untracked 
| 420|0x000000009a400000, 0x000000009a400000, 0x000000009a500000|  0%| F|  |TAMS 0x000000009a400000| PB 0x000000009a400000| Untracked 
| 421|0x000000009a500000, 0x000000009a500000, 0x000000009a600000|  0%| F|  |TAMS 0x000000009a500000| PB 0x000000009a500000| Untracked 
| 422|0x000000009a600000, 0x000000009a600000, 0x000000009a700000|  0%| F|  |TAMS 0x000000009a600000| PB 0x000000009a600000| Untracked 
| 423|0x000000009a700000, 0x000000009a700000, 0x000000009a800000|  0%| F|  |TAMS 0x000000009a700000| PB 0x000000009a700000| Untracked 
| 424|0x000000009a800000, 0x000000009a800000, 0x000000009a900000|  0%| F|  |TAMS 0x000000009a800000| PB 0x000000009a800000| Untracked 
| 425|0x000000009a900000, 0x000000009a900000, 0x000000009aa00000|  0%| F|  |TAMS 0x000000009a900000| PB 0x000000009a900000| Untracked 
| 426|0x000000009aa00000, 0x000000009aa00000, 0x000000009ab00000|  0%| F|  |TAMS 0x000000009aa00000| PB 0x000000009aa00000| Untracked 
| 427|0x000000009ab00000, 0x000000009ab00000, 0x000000009ac00000|  0%| F|  |TAMS 0x000000009ab00000| PB 0x000000009ab00000| Untracked 
| 428|0x000000009ac00000, 0x000000009ac00000, 0x000000009ad00000|  0%| F|  |TAMS 0x000000009ac00000| PB 0x000000009ac00000| Untracked 
| 429|0x000000009ad00000, 0x000000009ad00000, 0x000000009ae00000|  0%| F|  |TAMS 0x000000009ad00000| PB 0x000000009ad00000| Untracked 
| 430|0x000000009ae00000, 0x000000009ae00000, 0x000000009af00000|  0%| F|  |TAMS 0x000000009ae00000| PB 0x000000009ae00000| Untracked 
| 431|0x000000009af00000, 0x000000009af00000, 0x000000009b000000|  0%| F|  |TAMS 0x000000009af00000| PB 0x000000009af00000| Untracked 
| 432|0x000000009b000000, 0x000000009b000000, 0x000000009b100000|  0%| F|  |TAMS 0x000000009b000000| PB 0x000000009b000000| Untracked 
| 433|0x000000009b100000, 0x000000009b100000, 0x000000009b200000|  0%| F|  |TAMS 0x000000009b100000| PB 0x000000009b100000| Untracked 
| 434|0x000000009b200000, 0x000000009b200000, 0x000000009b300000|  0%| F|  |TAMS 0x000000009b200000| PB 0x000000009b200000| Untracked 
| 435|0x000000009b300000, 0x000000009b300000, 0x000000009b400000|  0%| F|  |TAMS 0x000000009b300000| PB 0x000000009b300000| Untracked 
| 436|0x000000009b400000, 0x000000009b400000, 0x000000009b500000|  0%| F|  |TAMS 0x000000009b400000| PB 0x000000009b400000| Untracked 
| 437|0x000000009b500000, 0x000000009b500000, 0x000000009b600000|  0%| F|  |TAMS 0x000000009b500000| PB 0x000000009b500000| Untracked 
| 438|0x000000009b600000, 0x000000009b600000, 0x000000009b700000|  0%| F|  |TAMS 0x000000009b600000| PB 0x000000009b600000| Untracked 
| 439|0x000000009b700000, 0x000000009b700000, 0x000000009b800000|  0%| F|  |TAMS 0x000000009b700000| PB 0x000000009b700000| Untracked 
| 440|0x000000009b800000, 0x000000009b800000, 0x000000009b900000|  0%| F|  |TAMS 0x000000009b800000| PB 0x000000009b800000| Untracked 
| 441|0x000000009b900000, 0x000000009b900000, 0x000000009ba00000|  0%| F|  |TAMS 0x000000009b900000| PB 0x000000009b900000| Untracked 
| 442|0x000000009ba00000, 0x000000009ba00000, 0x000000009bb00000|  0%| F|  |TAMS 0x000000009ba00000| PB 0x000000009ba00000| Untracked 
| 443|0x000000009bb00000, 0x000000009bb00000, 0x000000009bc00000|  0%| F|  |TAMS 0x000000009bb00000| PB 0x000000009bb00000| Untracked 
| 444|0x000000009bc00000, 0x000000009bcaafb8, 0x000000009bd00000| 66%| E|  |TAMS 0x000000009bc00000| PB 0x000000009bc00000| Complete 
| 445|0x000000009bd00000, 0x000000009be00000, 0x000000009be00000|100%| E|CS|TAMS 0x000000009bd00000| PB 0x000000009bd00000| Complete 
| 446|0x000000009be00000, 0x000000009bf00000, 0x000000009bf00000|100%| E|CS|TAMS 0x000000009be00000| PB 0x000000009be00000| Complete 
| 447|0x000000009bf00000, 0x000000009c000000, 0x000000009c000000|100%| E|CS|TAMS 0x000000009bf00000| PB 0x000000009bf00000| Complete 
| 448|0x000000009c000000, 0x000000009c100000, 0x000000009c100000|100%| E|CS|TAMS 0x000000009c000000| PB 0x000000009c000000| Complete 
| 449|0x000000009c100000, 0x000000009c200000, 0x000000009c200000|100%| E|CS|TAMS 0x000000009c100000| PB 0x000000009c100000| Complete 
| 450|0x000000009c200000, 0x000000009c300000, 0x000000009c300000|100%| E|CS|TAMS 0x000000009c200000| PB 0x000000009c200000| Complete 
| 451|0x000000009c300000, 0x000000009c400000, 0x000000009c400000|100%| E|CS|TAMS 0x000000009c300000| PB 0x000000009c300000| Complete 
| 452|0x000000009c400000, 0x000000009c500000, 0x000000009c500000|100%| E|CS|TAMS 0x000000009c400000| PB 0x000000009c400000| Complete 
| 453|0x000000009c500000, 0x000000009c600000, 0x000000009c600000|100%| E|CS|TAMS 0x000000009c500000| PB 0x000000009c500000| Complete 
| 454|0x000000009c600000, 0x000000009c700000, 0x000000009c700000|100%| E|CS|TAMS 0x000000009c600000| PB 0x000000009c600000| Complete 
| 455|0x000000009c700000, 0x000000009c800000, 0x000000009c800000|100%| E|CS|TAMS 0x000000009c700000| PB 0x000000009c700000| Complete 
| 456|0x000000009c800000, 0x000000009c900000, 0x000000009c900000|100%| E|CS|TAMS 0x000000009c800000| PB 0x000000009c800000| Complete 
| 457|0x000000009c900000, 0x000000009ca00000, 0x000000009ca00000|100%| E|CS|TAMS 0x000000009c900000| PB 0x000000009c900000| Complete 
| 458|0x000000009ca00000, 0x000000009cb00000, 0x000000009cb00000|100%| E|  |TAMS 0x000000009ca00000| PB 0x000000009ca00000| Complete 
| 459|0x000000009cb00000, 0x000000009cc00000, 0x000000009cc00000|100%| E|CS|TAMS 0x000000009cb00000| PB 0x000000009cb00000| Complete 
| 460|0x000000009cc00000, 0x000000009cd00000, 0x000000009cd00000|100%| E|CS|TAMS 0x000000009cc00000| PB 0x000000009cc00000| Complete 
| 461|0x000000009cd00000, 0x000000009ce00000, 0x000000009ce00000|100%| E|CS|TAMS 0x000000009cd00000| PB 0x000000009cd00000| Complete 
| 462|0x000000009ce00000, 0x000000009cf00000, 0x000000009cf00000|100%| E|CS|TAMS 0x000000009ce00000| PB 0x000000009ce00000| Complete 
| 463|0x000000009cf00000, 0x000000009d000000, 0x000000009d000000|100%| E|CS|TAMS 0x000000009cf00000| PB 0x000000009cf00000| Complete 
| 464|0x000000009d000000, 0x000000009d100000, 0x000000009d100000|100%| E|CS|TAMS 0x000000009d000000| PB 0x000000009d000000| Complete 
| 465|0x000000009d100000, 0x000000009d200000, 0x000000009d200000|100%| E|CS|TAMS 0x000000009d100000| PB 0x000000009d100000| Complete 
| 466|0x000000009d200000, 0x000000009d300000, 0x000000009d300000|100%| E|CS|TAMS 0x000000009d200000| PB 0x000000009d200000| Complete 
| 467|0x000000009d300000, 0x000000009d400000, 0x000000009d400000|100%| E|CS|TAMS 0x000000009d300000| PB 0x000000009d300000| Complete 
| 468|0x000000009d400000, 0x000000009d500000, 0x000000009d500000|100%| E|CS|TAMS 0x000000009d400000| PB 0x000000009d400000| Complete 
| 469|0x000000009d500000, 0x000000009d600000, 0x000000009d600000|100%| E|CS|TAMS 0x000000009d500000| PB 0x000000009d500000| Complete 
| 470|0x000000009d600000, 0x000000009d700000, 0x000000009d700000|100%| E|CS|TAMS 0x000000009d600000| PB 0x000000009d600000| Complete 
| 471|0x000000009d700000, 0x000000009d800000, 0x000000009d800000|100%| E|CS|TAMS 0x000000009d700000| PB 0x000000009d700000| Complete 
| 472|0x000000009d800000, 0x000000009d900000, 0x000000009d900000|100%| E|CS|TAMS 0x000000009d800000| PB 0x000000009d800000| Complete 
| 473|0x000000009d900000, 0x000000009da00000, 0x000000009da00000|100%| E|CS|TAMS 0x000000009d900000| PB 0x000000009d900000| Complete 
| 474|0x000000009da00000, 0x000000009db00000, 0x000000009db00000|100%| E|CS|TAMS 0x000000009da00000| PB 0x000000009da00000| Complete 
| 475|0x000000009db00000, 0x000000009dc00000, 0x000000009dc00000|100%| E|CS|TAMS 0x000000009db00000| PB 0x000000009db00000| Complete 
| 476|0x000000009dc00000, 0x000000009dd00000, 0x000000009dd00000|100%| E|CS|TAMS 0x000000009dc00000| PB 0x000000009dc00000| Complete 
| 477|0x000000009dd00000, 0x000000009de00000, 0x000000009de00000|100%| E|CS|TAMS 0x000000009dd00000| PB 0x000000009dd00000| Complete 
|2042|0x00000000ffa00000, 0x00000000ffb00000, 0x00000000ffb00000|100%| O|  |TAMS 0x00000000ffb00000| PB 0x00000000ffb00000| Updating 
|2043|0x00000000ffb00000, 0x00000000ffc00000, 0x00000000ffc00000|100%| O|  |TAMS 0x00000000ffc00000| PB 0x00000000ffc00000| Untracked 
|2044|0x00000000ffc00000, 0x00000000ffd00000, 0x00000000ffd00000|100%| O|  |TAMS 0x00000000ffd00000| PB 0x00000000ffd00000| Untracked 
|2045|0x00000000ffd00000, 0x00000000ffe00000, 0x00000000ffe00000|100%| O|  |TAMS 0x00000000ffe00000| PB 0x00000000ffe00000| Untracked 
|2046|0x00000000ffe00000, 0x00000000fff00000, 0x00000000fff00000|100%| O|  |TAMS 0x00000000fff00000| PB 0x00000000fff00000| Untracked 
|2047|0x00000000fff00000, 0x0000000100000000, 0x0000000100000000|100%| O|  |TAMS 0x0000000100000000| PB 0x0000000100000000| Untracked 

Card table byte_map: [0x0000013fe2140000,0x0000013fe2540000] _byte_map_base: 0x0000013fe1d40000

Marking Bits: (CMBitMap*) 0x0000013fc8369760
 Bits: [0x0000013fe2540000, 0x0000013fe4540000)

Polling page: 0x0000013fc7ff0000

Metaspace:

Usage:
  Non-class:    101.06 MB used.
      Class:     16.18 MB used.
       Both:    117.24 MB used.

Virtual space:
  Non-class space:      128.00 MB reserved,     102.56 MB ( 80%) committed,  2 nodes.
      Class space:      416.00 MB reserved,      17.62 MB (  4%) committed,  1 nodes.
             Both:      544.00 MB reserved,     120.19 MB ( 22%) committed. 

Chunk freelists:
   Non-Class:  8.58 MB
       Class:  14.34 MB
        Both:  22.92 MB

MaxMetaspaceSize: 512.00 MB
CompressedClassSpaceSize: 416.00 MB
Initial GC threshold: 21.00 MB
Current GC threshold: 199.19 MB
CDS: on
 - commit_granule_bytes: 65536.
 - commit_granule_words: 8192.
 - virtual_space_node_default_size: 8388608.
 - enlarge_chunks_in_place: 1.
 - use_allocation_guard: 0.


Internal statistics:

num_allocs_failed_limit: 12.
num_arena_births: 4796.
num_arena_deaths: 0.
num_vsnodes_births: 3.
num_vsnodes_deaths: 0.
num_space_committed: 1923.
num_space_uncommitted: 0.
num_chunks_returned_to_freelist: 12.
num_chunks_taken_from_freelist: 10692.
num_chunk_merges: 12.
num_chunk_splits: 6870.
num_chunks_enlarged: 4275.
num_inconsistent_stats: 0.

CodeHeap 'non-profiled nmethods': size=119168Kb used=14536Kb max_used=15463Kb free=104631Kb
 bounds [0x0000013fd9920000, 0x0000013fda840000, 0x0000013fe0d80000]
CodeHeap 'profiled nmethods': size=119104Kb used=31210Kb max_used=34230Kb free=87893Kb
 bounds [0x0000013fd1d80000, 0x0000013fd3ef0000, 0x0000013fd91d0000]
CodeHeap 'non-nmethods': size=7488Kb used=4644Kb max_used=4782Kb free=2843Kb
 bounds [0x0000013fd91d0000, 0x0000013fd9690000, 0x0000013fd9920000]
 total_blobs=17313 nmethods=16280 adapters=933
 compilation: enabled
              stopped_count=0, restarted_count=0
 full_count=0

Compilation events (20 events):
Event: 27.524 Thread 0x0000013ff1371830 nmethod 22242 0x0000013fda838f10 code [0x0000013fda8390a0, 0x0000013fda839168]
Event: 27.525 Thread 0x0000013fe75d4a50 22243       3       com.esotericsoftware.kryo.io.Input::readLong_slow (361 bytes)
Event: 27.526 Thread 0x0000013fe75d4a50 nmethod 22243 0x0000013fd3ee8b10 code [0x0000013fd3ee8d60, 0x0000013fd3ee9638]
Event: 27.526 Thread 0x0000013fe75c8810 22244       4       org.gradle.internal.snapshot.SnapshotUtil$2::handleAsDescendantOfChild (10 bytes)
Event: 27.528 Thread 0x0000013fe75d4a50 22245       3       org.gradle.execution.plan.ValuedVfsHierarchy$2::createNodeFromChildren (6 bytes)
Event: 27.528 Thread 0x0000013ff136e1b0 22246       3       org.gradle.execution.plan.ValuedVfsHierarchy$2::createNodeFromChildren (20 bytes)
Event: 27.528 Thread 0x0000013fe75d4a50 nmethod 22245 0x0000013fd3ee9990 code [0x0000013fd3ee9b40, 0x0000013fd3ee9c98]
Event: 27.528 Thread 0x0000013ff1371830 22247       3       org.gradle.internal.execution.history.changes.SortedMapDiffUtil::diff (360 bytes)
Event: 27.528 Thread 0x0000013ff136e1b0 nmethod 22246 0x0000013fd3ee9d90 code [0x0000013fd3ee9f60, 0x0000013fd3eea388]
Event: 27.529 Thread 0x0000013fe75c8810 nmethod 22244 0x0000013fda839210 code [0x0000013fda8393e0, 0x0000013fda839748]
Event: 27.529 Thread 0x0000013ff1371830 nmethod 22247 0x0000013fd3eea510 code [0x0000013fd3eeaa20, 0x0000013fd3eed5d0]
Event: 27.530 Thread 0x0000013fe75d4a50 22248       3       com.android.build.gradle.tasks.GenerateResValues_Decorated::getOutputDirectory (43 bytes)
Event: 27.530 Thread 0x0000013ff1371f00 22249       3       org.gradle.internal.snapshot.AbstractStorePathRelationshipHandler::handleAsDescendantOfChild (24 bytes)
Event: 27.530 Thread 0x0000013fe75d4a50 nmethod 22248 0x0000013fd3eedf10 code [0x0000013fd3eee140, 0x0000013fd3eeea90]
Event: 27.530 Thread 0x0000013ff1371f00 nmethod 22249 0x0000013fd3eeed90 code [0x0000013fd3eeef60, 0x0000013fd3eef260]
Event: 27.530 Thread 0x0000013fe75d3cb0 22251       4       org.gradle.cache.internal.btree.ByteOutput::done (13 bytes)
Event: 27.530 Thread 0x0000013fe75d5120 22250       4       org.gradle.cache.internal.btree.ByteOutput::getBytesWritten (8 bytes)
Event: 27.531 Thread 0x0000013ff1371f00 22252       3       org.gradle.execution.plan.ActionNode::isPriority (13 bytes)
Event: 27.531 Thread 0x0000013ff1371f00 nmethod 22252 0x0000013fd3eef390 code [0x0000013fd3eef540, 0x0000013fd3eef890]
Event: 27.531 Thread 0x0000013fe75d5120 nmethod 22250 0x0000013fda839990 code [0x0000013fda839b20, 0x0000013fda839bc0]

GC Heap History (20 events):
Event: 22.413 GC heap before
{Heap before GC invocations=49 (full 0):
 garbage-first heap   total 337920K, used 303310K [0x0000000080000000, 0x0000000100000000)
  region size 1024K, 117 young (119808K), 16 survivors (16384K)
 Metaspace       used 111911K, committed 114816K, reserved 557056K
  class space    used 15605K, committed 17024K, reserved 425984K
}
Event: 22.421 GC heap after
{Heap after GC invocations=50 (full 0):
 garbage-first heap   total 337920K, used 214733K [0x0000000080000000, 0x0000000100000000)
  region size 1024K, 15 young (15360K), 15 survivors (15360K)
 Metaspace       used 111911K, committed 114816K, reserved 557056K
  class space    used 15605K, committed 17024K, reserved 425984K
}
Event: 22.626 GC heap before
{Heap before GC invocations=51 (full 0):
 garbage-first heap   total 393216K, used 300749K [0x0000000080000000, 0x0000000100000000)
  region size 1024K, 100 young (102400K), 15 survivors (15360K)
 Metaspace       used 111989K, committed 114880K, reserved 557056K
  class space    used 15613K, committed 17024K, reserved 425984K
}
Event: 22.632 GC heap after
{Heap after GC invocations=52 (full 0):
 garbage-first heap   total 393216K, used 223728K [0x0000000080000000, 0x0000000100000000)
  region size 1024K, 9 young (9216K), 9 survivors (9216K)
 Metaspace       used 111989K, committed 114880K, reserved 557056K
  class space    used 15613K, committed 17024K, reserved 425984K
}
Event: 23.019 GC heap before
{Heap before GC invocations=52 (full 0):
 garbage-first heap   total 393216K, used 348656K [0x0000000080000000, 0x0000000100000000)
  region size 1024K, 131 young (134144K), 9 survivors (9216K)
 Metaspace       used 112193K, committed 115200K, reserved 557056K
  class space    used 15637K, committed 17088K, reserved 425984K
}
Event: 23.026 GC heap after
{Heap after GC invocations=53 (full 0):
 garbage-first heap   total 393216K, used 229852K [0x0000000080000000, 0x0000000100000000)
  region size 1024K, 16 young (16384K), 16 survivors (16384K)
 Metaspace       used 112193K, committed 115200K, reserved 557056K
  class space    used 15637K, committed 17088K, reserved 425984K
}
Event: 23.183 GC heap before
{Heap before GC invocations=53 (full 0):
 garbage-first heap   total 393216K, used 311772K [0x0000000080000000, 0x0000000100000000)
  region size 1024K, 98 young (100352K), 16 survivors (16384K)
 Metaspace       used 112384K, committed 115328K, reserved 557056K
  class space    used 15662K, committed 17088K, reserved 425984K
}
Event: 23.187 GC heap after
{Heap after GC invocations=54 (full 0):
 garbage-first heap   total 393216K, used 233031K [0x0000000080000000, 0x0000000100000000)
  region size 1024K, 13 young (13312K), 13 survivors (13312K)
 Metaspace       used 112384K, committed 115328K, reserved 557056K
  class space    used 15662K, committed 17088K, reserved 425984K
}
Event: 24.138 GC heap before
{Heap before GC invocations=55 (full 0):
 garbage-first heap   total 401408K, used 360007K [0x0000000080000000, 0x0000000100000000)
  region size 1024K, 134 young (137216K), 13 survivors (13312K)
 Metaspace       used 112679K, committed 115648K, reserved 557056K
  class space    used 15699K, committed 17152K, reserved 425984K
}
Event: 24.145 GC heap after
{Heap after GC invocations=56 (full 0):
 garbage-first heap   total 401408K, used 247755K [0x0000000080000000, 0x0000000100000000)
  region size 1024K, 17 young (17408K), 17 survivors (17408K)
 Metaspace       used 112679K, committed 115648K, reserved 557056K
  class space    used 15699K, committed 17152K, reserved 425984K
}
Event: 24.908 GC heap before
{Heap before GC invocations=56 (full 0):
 garbage-first heap   total 401408K, used 362443K [0x0000000080000000, 0x0000000100000000)
  region size 1024K, 128 young (131072K), 17 survivors (17408K)
 Metaspace       used 117565K, committed 120640K, reserved 557056K
  class space    used 16357K, committed 17856K, reserved 425984K
}
Event: 24.917 GC heap after
{Heap after GC invocations=57 (full 0):
 garbage-first heap   total 401408K, used 259653K [0x0000000080000000, 0x0000000100000000)
  region size 1024K, 16 young (16384K), 16 survivors (16384K)
 Metaspace       used 117565K, committed 120640K, reserved 557056K
  class space    used 16357K, committed 17856K, reserved 425984K
}
Event: 25.809 GC heap before
{Heap before GC invocations=57 (full 0):
 garbage-first heap   total 401408K, used 363077K [0x0000000080000000, 0x0000000100000000)
  region size 1024K, 117 young (119808K), 16 survivors (16384K)
 Metaspace       used 119248K, committed 122304K, reserved 557056K
  class space    used 16513K, committed 17984K, reserved 425984K
}
Event: 25.824 GC heap after
{Heap after GC invocations=58 (full 0):
 garbage-first heap   total 401408K, used 279273K [0x0000000080000000, 0x0000000100000000)
  region size 1024K, 15 young (15360K), 15 survivors (15360K)
 Metaspace       used 119248K, committed 122304K, reserved 557056K
  class space    used 16513K, committed 17984K, reserved 425984K
}
Event: 26.328 GC heap before
{Heap before GC invocations=59 (full 0):
 garbage-first heap   total 495616K, used 360169K [0x0000000080000000, 0x0000000100000000)
  region size 1024K, 94 young (96256K), 15 survivors (15360K)
 Metaspace       used 119572K, committed 122624K, reserved 557056K
  class space    used 16529K, committed 17984K, reserved 425984K
}
Event: 26.338 GC heap after
{Heap after GC invocations=60 (full 0):
 garbage-first heap   total 495616K, used 293729K [0x0000000080000000, 0x0000000100000000)
  region size 1024K, 12 young (12288K), 12 survivors (12288K)
 Metaspace       used 119572K, committed 122624K, reserved 557056K
  class space    used 16529K, committed 17984K, reserved 425984K
}
Event: 26.827 GC heap before
{Heap before GC invocations=60 (full 0):
 garbage-first heap   total 495616K, used 430945K [0x0000000080000000, 0x0000000100000000)
  region size 1024K, 147 young (150528K), 12 survivors (12288K)
 Metaspace       used 119885K, committed 122944K, reserved 557056K
  class space    used 16564K, committed 18048K, reserved 425984K
}
Event: 26.835 GC heap after
{Heap after GC invocations=61 (full 0):
 garbage-first heap   total 495616K, used 299577K [0x0000000080000000, 0x0000000100000000)
  region size 1024K, 8 young (8192K), 8 survivors (8192K)
 Metaspace       used 119885K, committed 122944K, reserved 557056K
  class space    used 16564K, committed 18048K, reserved 425984K
}
Event: 27.397 GC heap before
{Heap before GC invocations=61 (full 0):
 garbage-first heap   total 495616K, used 411193K [0x0000000080000000, 0x0000000100000000)
  region size 1024K, 119 young (121856K), 8 survivors (8192K)
 Metaspace       used 120030K, committed 123072K, reserved 557056K
  class space    used 16568K, committed 18048K, reserved 425984K
}
Event: 27.402 GC heap after
{Heap after GC invocations=62 (full 0):
 garbage-first heap   total 495616K, used 303753K [0x0000000080000000, 0x0000000100000000)
  region size 1024K, 12 young (12288K), 12 survivors (12288K)
 Metaspace       used 120030K, committed 123072K, reserved 557056K
  class space    used 16568K, committed 18048K, reserved 425984K
}

Dll operation events (15 events):
Event: 0.010 Loaded shared library C:\Program Files\Java\jdk-21\bin\java.dll
Event: 0.029 Loaded shared library C:\Program Files\Java\jdk-21\bin\jsvml.dll
Event: 0.054 Loaded shared library C:\Program Files\Java\jdk-21\bin\zip.dll
Event: 0.058 Loaded shared library C:\Program Files\Java\jdk-21\bin\instrument.dll
Event: 0.060 Loaded shared library C:\Program Files\Java\jdk-21\bin\net.dll
Event: 0.062 Loaded shared library C:\Program Files\Java\jdk-21\bin\nio.dll
Event: 0.064 Loaded shared library C:\Program Files\Java\jdk-21\bin\zip.dll
Event: 0.212 Loaded shared library C:\Program Files\Java\jdk-21\bin\jimage.dll
Event: 0.292 Loaded shared library C:\Program Files\Java\jdk-21\bin\verify.dll
Event: 0.374 Loaded shared library C:\Users\amara\.gradle\native\c067742578af261105cb4f569cf0c3c89f3d7b1fecec35dd04571415982c5e48\windows-amd64\native-platform.dll
Event: 0.381 Loaded shared library C:\Users\amara\.gradle\native\100fb08df4bc3b14c8652ba06237920a3bd2aa13389f12d3474272988ae205f9\windows-amd64\native-platform-file-events.dll
Event: 1.143 Loaded shared library C:\Program Files\Java\jdk-21\bin\management.dll
Event: 1.144 Loaded shared library C:\Program Files\Java\jdk-21\bin\management_ext.dll
Event: 1.279 Loaded shared library C:\Program Files\Java\jdk-21\bin\extnet.dll
Event: 1.371 Loaded shared library C:\Program Files\Java\jdk-21\bin\sunmscapi.dll

Deoptimization events (20 events):
Event: 27.521 Thread 0x0000013ff0b002d0 Uncommon trap: trap_request=0xffffffde fr.pc=0x0000013fda7c8688 relative=0x00000000000001c8
Event: 27.521 Thread 0x0000013ff0b002d0 Uncommon trap: reason=class_check action=maybe_recompile pc=0x0000013fda7c8688 method=org.gradle.internal.snapshot.AbstractIncompleteFileSystemNode$2.handleAsDescendantOfChild(Lorg/gradle/internal/snapshot/VfsRelativePath;Lorg/gradle/internal/snapshot/Fil
Event: 27.521 Thread 0x0000013ff0b002d0 DEOPT PACKING pc=0x0000013fda7c8688 sp=0x00000033594fbbc0
Event: 27.521 Thread 0x0000013ff0b002d0 DEOPT UNPACKING pc=0x0000013fd92246a2 sp=0x00000033594fbb50 mode 2
Event: 27.524 Thread 0x0000013ff0b002d0 Uncommon trap: trap_request=0xffffffc6 fr.pc=0x0000013fda0cfb70 relative=0x0000000000000130
Event: 27.524 Thread 0x0000013ff0b002d0 Uncommon trap: reason=bimorphic_or_optimized_type_check action=maybe_recompile pc=0x0000013fda0cfb70 method=org.gradle.internal.snapshot.EmptyChildMap.withNode(Lorg/gradle/internal/snapshot/VfsRelativePath;Lorg/gradle/internal/snapshot/CaseSensitivity;Lor
Event: 27.524 Thread 0x0000013ff0b002d0 DEOPT PACKING pc=0x0000013fda0cfb70 sp=0x00000033594fc250
Event: 27.524 Thread 0x0000013ff0b002d0 DEOPT UNPACKING pc=0x0000013fd92246a2 sp=0x00000033594fc1c0 mode 2
Event: 27.527 Thread 0x0000013ff0b002d0 Uncommon trap: trap_request=0xffffffde fr.pc=0x0000013fda7c6600 relative=0x0000000000001520
Event: 27.527 Thread 0x0000013ff0b002d0 Uncommon trap: reason=class_check action=maybe_recompile pc=0x0000013fda7c6600 method=org.gradle.internal.snapshot.AbstractIncompleteFileSystemNode$2.handleAsDescendantOfChild(Lorg/gradle/internal/snapshot/VfsRelativePath;Ljava/lang/Object;)Ljava/lang/Obj
Event: 27.527 Thread 0x0000013ff0b002d0 DEOPT PACKING pc=0x0000013fda7c6600 sp=0x00000033594fbcb0
Event: 27.527 Thread 0x0000013ff0b002d0 DEOPT UNPACKING pc=0x0000013fd92246a2 sp=0x00000033594fbbf8 mode 2
Event: 27.528 Thread 0x0000013ff0b002d0 Uncommon trap: trap_request=0xffffffde fr.pc=0x0000013fda7c8080 relative=0x00000000000001c0
Event: 27.528 Thread 0x0000013ff0b002d0 Uncommon trap: reason=class_check action=maybe_recompile pc=0x0000013fda7c8080 method=org.gradle.internal.snapshot.AbstractIncompleteFileSystemNode$2.handleAsDescendantOfChild(Lorg/gradle/internal/snapshot/VfsRelativePath;Ljava/lang/Object;)Ljava/lang/Obj
Event: 27.528 Thread 0x0000013ff0b002d0 DEOPT PACKING pc=0x0000013fda7c8080 sp=0x00000033594fba00
Event: 27.528 Thread 0x0000013ff0b002d0 DEOPT UNPACKING pc=0x0000013fd92246a2 sp=0x00000033594fb9a0 mode 2
Event: 27.530 Thread 0x0000013ff0b002d0 Uncommon trap: trap_request=0xffffffc6 fr.pc=0x0000013fda0cfb70 relative=0x0000000000000130
Event: 27.530 Thread 0x0000013ff0b002d0 Uncommon trap: reason=bimorphic_or_optimized_type_check action=maybe_recompile pc=0x0000013fda0cfb70 method=org.gradle.internal.snapshot.EmptyChildMap.withNode(Lorg/gradle/internal/snapshot/VfsRelativePath;Lorg/gradle/internal/snapshot/CaseSensitivity;Lor
Event: 27.530 Thread 0x0000013ff0b002d0 DEOPT PACKING pc=0x0000013fda0cfb70 sp=0x00000033594fc350
Event: 27.530 Thread 0x0000013ff0b002d0 DEOPT UNPACKING pc=0x0000013fd92246a2 sp=0x00000033594fc2c0 mode 2

Classes loaded (20 events):
Event: 24.881 Loading class com/sun/org/apache/xerces/internal/impl/Constants$ArrayEnumeration
Event: 24.881 Loading class com/sun/org/apache/xerces/internal/impl/Constants$ArrayEnumeration done
Event: 24.882 Loading class org/xml/sax/helpers/AttributesImpl
Event: 24.882 Loading class org/xml/sax/helpers/AttributesImpl done
Event: 24.883 Loading class java/util/regex/Pattern$Behind
Event: 24.883 Loading class java/util/regex/Pattern$Behind done
Event: 24.883 Loading class java/util/regex/Pattern$Neg
Event: 24.883 Loading class java/util/regex/Pattern$Neg done
Event: 24.888 Loading class javax/xml/datatype/DatatypeConfigurationException
Event: 24.888 Loading class javax/xml/datatype/DatatypeConfigurationException done
Event: 24.890 Loading class com/sun/org/apache/xerces/internal/impl/io/MalformedByteSequenceException
Event: 24.890 Loading class java/io/CharConversionException
Event: 24.890 Loading class java/io/CharConversionException done
Event: 24.890 Loading class com/sun/org/apache/xerces/internal/impl/io/MalformedByteSequenceException done
Event: 24.991 Loading class java/io/CharArrayWriter
Event: 24.991 Loading class java/io/CharArrayWriter done
Event: 24.995 Loading class java/io/SequenceInputStream
Event: 24.995 Loading class java/io/SequenceInputStream done
Event: 24.998 Loading class java/util/function/IntUnaryOperator
Event: 24.998 Loading class java/util/function/IntUnaryOperator done

Classes unloaded (0 events):
No events

Classes redefined (0 events):
No events

Internal exceptions (20 events):
Event: 25.678 Thread 0x0000013fe783db70 Implicit null exception at 0x0000013fda5086dc to 0x0000013fda50a19c
Event: 26.390 Thread 0x0000013ff2f1b380 Exception <a 'java/lang/NoSuchMethodError'{0x000000009da6c230}: static Lcom/android/build/api/variant/BuildConfigField;.<clinit>()V> (0x000000009da6c230) 
thrown [s\open\src\hotspot\share\prims\jni.cpp, line 1111]
Event: 27.168 Thread 0x0000013ff0afbaa0 Exception <a 'java/lang/NoSuchMethodError'{0x0000000097c9f3f0}: static Lcom/android/build/api/variant/impl/ResValueKeyImpl;.<clinit>()V> (0x0000000097c9f3f0) 
thrown [s\open\src\hotspot\share\prims\jni.cpp, line 1111]
Event: 27.169 Thread 0x0000013ff0afbaa0 Exception <a 'java/lang/NoSuchMethodError'{0x0000000097cae860}: static Lcom/android/build/api/variant/ResValue;.<clinit>()V> (0x0000000097cae860) 
thrown [s\open\src\hotspot\share\prims\jni.cpp, line 1111]
Event: 27.183 Thread 0x0000013ff0afbaa0 Exception <a 'sun/nio/fs/WindowsException'{0x0000000097b5d720}> (0x0000000097b5d720) 
thrown [s\open\src\hotspot\share\prims\jni.cpp, line 520]
Event: 27.199 Thread 0x0000013ff0afc7c0 Exception <a 'sun/nio/fs/WindowsException'{0x0000000097a21b58}> (0x0000000097a21b58) 
thrown [s\open\src\hotspot\share\prims\jni.cpp, line 520]
Event: 27.212 Thread 0x0000013ff0afc7c0 Exception <a 'sun/nio/fs/WindowsException'{0x0000000097ae84e0}> (0x0000000097ae84e0) 
thrown [s\open\src\hotspot\share\prims\jni.cpp, line 520]
Event: 27.223 Thread 0x0000013ff0afc7c0 Exception <a 'sun/nio/fs/WindowsException'{0x000000009799e460}> (0x000000009799e460) 
thrown [s\open\src\hotspot\share\prims\jni.cpp, line 520]
Event: 27.239 Thread 0x0000013ff0afc7c0 Exception <a 'sun/nio/fs/WindowsException'{0x0000000097842bd8}> (0x0000000097842bd8) 
thrown [s\open\src\hotspot\share\prims\jni.cpp, line 520]
Event: 27.252 Thread 0x0000013ff0afc7c0 Exception <a 'sun/nio/fs/WindowsException'{0x0000000097701228}> (0x0000000097701228) 
thrown [s\open\src\hotspot\share\prims\jni.cpp, line 520]
Event: 27.265 Thread 0x0000013ff0afc7c0 Exception <a 'sun/nio/fs/WindowsException'{0x00000000977cd8d8}> (0x00000000977cd8d8) 
thrown [s\open\src\hotspot\share\prims\jni.cpp, line 520]
Event: 27.279 Thread 0x0000013ff0afc7c0 Exception <a 'sun/nio/fs/WindowsException'{0x0000000097680310}> (0x0000000097680310) 
thrown [s\open\src\hotspot\share\prims\jni.cpp, line 520]
Event: 27.294 Thread 0x0000013ff0afc7c0 Exception <a 'sun/nio/fs/WindowsException'{0x00000000975324c0}> (0x00000000975324c0) 
thrown [s\open\src\hotspot\share\prims\jni.cpp, line 520]
Event: 27.308 Thread 0x0000013ff0afc7c0 Exception <a 'sun/nio/fs/WindowsException'{0x0000000097400d78}> (0x0000000097400d78) 
thrown [s\open\src\hotspot\share\prims\jni.cpp, line 520]
Event: 27.321 Thread 0x0000013ff0afc7c0 Exception <a 'sun/nio/fs/WindowsException'{0x00000000974b1d00}> (0x00000000974b1d00) 
thrown [s\open\src\hotspot\share\prims\jni.cpp, line 520]
Event: 27.331 Thread 0x0000013ff0afc7c0 Exception <a 'sun/nio/fs/WindowsException'{0x0000000097379c78}> (0x0000000097379c78) 
thrown [s\open\src\hotspot\share\prims\jni.cpp, line 520]
Event: 27.347 Thread 0x0000013ff0afc7c0 Exception <a 'sun/nio/fs/WindowsException'{0x000000009727dee8}> (0x000000009727dee8) 
thrown [s\open\src\hotspot\share\prims\jni.cpp, line 520]
Event: 27.360 Thread 0x0000013ff0afc7c0 Exception <a 'sun/nio/fs/WindowsException'{0x0000000097184920}> (0x0000000097184920) 
thrown [s\open\src\hotspot\share\prims\jni.cpp, line 520]
Event: 27.374 Thread 0x0000013ff0afc7c0 Exception <a 'sun/nio/fs/WindowsException'{0x000000009705c368}> (0x000000009705c368) 
thrown [s\open\src\hotspot\share\prims\jni.cpp, line 520]
Event: 27.389 Thread 0x0000013ff0afc7c0 Exception <a 'sun/nio/fs/WindowsException'{0x0000000096f12c88}> (0x0000000096f12c88) 
thrown [s\open\src\hotspot\share\prims\jni.cpp, line 520]

ZGC Phase Switch (0 events):
No events

VM Operations (20 events):
Event: 26.034 Executing VM operation: G1PauseCleanup done
Event: 26.299 Executing VM operation: HandshakeAllThreads (Deoptimize)
Event: 26.299 Executing VM operation: HandshakeAllThreads (Deoptimize) done
Event: 26.311 Executing VM operation: ICBufferFull
Event: 26.311 Executing VM operation: ICBufferFull done
Event: 26.328 Executing VM operation: G1CollectForAllocation (G1 Evacuation Pause)
Event: 26.338 Executing VM operation: G1CollectForAllocation (G1 Evacuation Pause) done
Event: 26.525 Executing VM operation: ICBufferFull
Event: 26.525 Executing VM operation: ICBufferFull done
Event: 26.621 Executing VM operation: HandshakeAllThreads (Deoptimize)
Event: 26.621 Executing VM operation: HandshakeAllThreads (Deoptimize) done
Event: 26.827 Executing VM operation: G1CollectForAllocation (G1 Evacuation Pause)
Event: 26.836 Executing VM operation: G1CollectForAllocation (G1 Evacuation Pause) done
Event: 27.173 Executing VM operation: HandshakeAllThreads (Deoptimize)
Event: 27.173 Executing VM operation: HandshakeAllThreads (Deoptimize) done
Event: 27.316 Executing VM operation: ICBufferFull
Event: 27.316 Executing VM operation: ICBufferFull done
Event: 27.397 Executing VM operation: G1TryInitiateConcMark (G1 Humongous Allocation)
Event: 27.402 Executing VM operation: G1TryInitiateConcMark (G1 Humongous Allocation) done
Event: 27.532 Executing VM operation: G1PauseRemark

Events (20 events):
Event: 27.537 Thread 0x0000013fe758b9b0 flushing nmethod 0x0000013fd2b80710
Event: 27.537 Thread 0x0000013fe758b9b0 flushing nmethod 0x0000013fd2bc2290
Event: 27.537 Thread 0x0000013fe758b9b0 flushing nmethod 0x0000013fd2cb0810
Event: 27.537 Thread 0x0000013fe758b9b0 flushing nmethod 0x0000013fd2cb3390
Event: 27.537 Thread 0x0000013fe758b9b0 flushing nmethod 0x0000013fd2da6f90
Event: 27.537 Thread 0x0000013fe758b9b0 flushing nmethod 0x0000013fd2dae310
Event: 27.537 Thread 0x0000013fe758b9b0 flushing nmethod 0x0000013fd2df1d10
Event: 27.537 Thread 0x0000013fe758b9b0 flushing nmethod 0x0000013fd2df3810
Event: 27.537 Thread 0x0000013fe758b9b0 flushing nmethod 0x0000013fd2df3e90
Event: 27.537 Thread 0x0000013fe758b9b0 flushing nmethod 0x0000013fd2df6d90
Event: 27.537 Thread 0x0000013fe758b9b0 flushing nmethod 0x0000013fd2df8410
Event: 27.537 Thread 0x0000013fe758b9b0 flushing nmethod 0x0000013fd2e5af10
Event: 27.537 Thread 0x0000013fe758b9b0 flushing nmethod 0x0000013fd2e5ba10
Event: 27.537 Thread 0x0000013fe758b9b0 flushing nmethod 0x0000013fd3414390
Event: 27.537 Thread 0x0000013fe758b9b0 flushing nmethod 0x0000013fd348b010
Event: 27.537 Thread 0x0000013fe758b9b0 flushing nmethod 0x0000013fd38fcf90
Event: 27.537 Thread 0x0000013fe758b9b0 flushing nmethod 0x0000013fd39add90
Event: 27.537 Thread 0x0000013fe758b9b0 flushing nmethod 0x0000013fd39b1f90
Event: 27.537 Thread 0x0000013fe758b9b0 flushing nmethod 0x0000013fd39b2e90
Event: 27.537 Thread 0x0000013fe758b9b0 flushing nmethod 0x0000013fd39b3390


Dynamic libraries:
0x00007ff772c90000 - 0x00007ff772ca0000 	C:\Program Files\Java\jdk-21\bin\java.exe
0x00007ffa60860000 - 0x00007ffa60ac7000 	C:\WINDOWS\SYSTEM32\ntdll.dll
0x00007ffa5ecf0000 - 0x00007ffa5edb9000 	C:\WINDOWS\System32\KERNEL32.DLL
0x00007ffa5e1f0000 - 0x00007ffa5e5e0000 	C:\WINDOWS\System32\KERNELBASE.dll
0x00007ffa5dd70000 - 0x00007ffa5debb000 	C:\WINDOWS\System32\ucrtbase.dll
0x00007ffa41f60000 - 0x00007ffa41f7b000 	C:\Program Files\Java\jdk-21\bin\VCRUNTIME140.dll
0x00007ffa4be20000 - 0x00007ffa4be39000 	C:\Program Files\Java\jdk-21\bin\jli.dll
0x00007ffa5edc0000 - 0x00007ffa5ee74000 	C:\WINDOWS\System32\ADVAPI32.dll
0x00007ffa604d0000 - 0x00007ffa60579000 	C:\WINDOWS\System32\msvcrt.dll
0x00007ffa60770000 - 0x00007ffa60816000 	C:\WINDOWS\System32\sechost.dll
0x00007ffa5f7d0000 - 0x00007ffa5f8e8000 	C:\WINDOWS\System32\RPCRT4.dll
0x00007ffa5f900000 - 0x00007ffa5fac5000 	C:\WINDOWS\System32\USER32.dll
0x00007ffa3e420000 - 0x00007ffa3e6ba000 	C:\WINDOWS\WinSxS\amd64_microsoft.windows.common-controls_6595b64144ccf1df_6.0.26100.4768_none_3e0c112ce331287c\COMCTL32.dll
0x00007ffa5e1c0000 - 0x00007ffa5e1e7000 	C:\WINDOWS\System32\win32u.dll
0x00007ffa5e800000 - 0x00007ffa5e82b000 	C:\WINDOWS\System32\GDI32.dll
0x00007ffa5dba0000 - 0x00007ffa5dcd8000 	C:\WINDOWS\System32\gdi32full.dll
0x00007ffa5da50000 - 0x00007ffa5daf3000 	C:\WINDOWS\System32\msvcp_win.dll
0x00007ffa51280000 - 0x00007ffa5128b000 	C:\WINDOWS\SYSTEM32\VERSION.dll
0x00007ffa5eae0000 - 0x00007ffa5eb0f000 	C:\WINDOWS\System32\IMM32.DLL
0x00007ffa41920000 - 0x00007ffa4192c000 	C:\Program Files\Java\jdk-21\bin\vcruntime140_1.dll
0x00007ffa30c60000 - 0x00007ffa30cee000 	C:\Program Files\Java\jdk-21\bin\msvcp140.dll
0x00007ffa05290000 - 0x00007ffa05fad000 	C:\Program Files\Java\jdk-21\bin\server\jvm.dll
0x00007ffa5fad0000 - 0x00007ffa5fb44000 	C:\WINDOWS\System32\WS2_32.dll
0x00007ffa5d7f0000 - 0x00007ffa5d84e000 	C:\WINDOWS\SYSTEM32\POWRPROF.dll
0x00007ffa51190000 - 0x00007ffa511c5000 	C:\WINDOWS\SYSTEM32\WINMM.dll
0x00007ffa5d7d0000 - 0x00007ffa5d7e4000 	C:\WINDOWS\SYSTEM32\UMPDC.dll
0x00007ffa5c710000 - 0x00007ffa5c72b000 	C:\WINDOWS\SYSTEM32\kernel.appcore.dll
0x00007ffa41910000 - 0x00007ffa4191a000 	C:\Program Files\Java\jdk-21\bin\jimage.dll
0x00007ffa51310000 - 0x00007ffa51551000 	C:\WINDOWS\SYSTEM32\DBGHELP.DLL
0x00007ffa5f420000 - 0x00007ffa5f7a5000 	C:\WINDOWS\System32\combase.dll
0x00007ffa5ebb0000 - 0x00007ffa5ec90000 	C:\WINDOWS\System32\OLEAUT32.dll
0x00007ffa507b0000 - 0x00007ffa507f3000 	C:\WINDOWS\SYSTEM32\dbgcore.DLL
0x00007ffa5db00000 - 0x00007ffa5db99000 	C:\WINDOWS\System32\bcryptPrimitives.dll
0x00007ffa1c010000 - 0x00007ffa1c01f000 	C:\Program Files\Java\jdk-21\bin\instrument.dll
0x00007ffa31fe0000 - 0x00007ffa31fff000 	C:\Program Files\Java\jdk-21\bin\java.dll
0x00007ffa5fb50000 - 0x00007ffa6029d000 	C:\WINDOWS\System32\SHELL32.dll
0x00007ffa5dec0000 - 0x00007ffa5e033000 	C:\WINDOWS\System32\wintypes.dll
0x00007ffa5b5b0000 - 0x00007ffa5be10000 	C:\WINDOWS\SYSTEM32\windows.storage.dll
0x00007ffa602d0000 - 0x00007ffa603c5000 	C:\WINDOWS\System32\SHCORE.dll
0x00007ffa5eb20000 - 0x00007ffa5eb8a000 	C:\WINDOWS\System32\shlwapi.dll
0x00007ffa5d8b0000 - 0x00007ffa5d8d9000 	C:\WINDOWS\SYSTEM32\profapi.dll
0x00007ffa0e390000 - 0x00007ffa0e467000 	C:\Program Files\Java\jdk-21\bin\jsvml.dll
0x00007ffa30c20000 - 0x00007ffa30c38000 	C:\Program Files\Java\jdk-21\bin\zip.dll
0x00007ffa40a10000 - 0x00007ffa40a20000 	C:\Program Files\Java\jdk-21\bin\net.dll
0x00007ffa56540000 - 0x00007ffa5665e000 	C:\WINDOWS\SYSTEM32\WINHTTP.dll
0x00007ffa5cca0000 - 0x00007ffa5cd0b000 	C:\WINDOWS\system32\mswsock.dll
0x00007ffa30c40000 - 0x00007ffa30c56000 	C:\Program Files\Java\jdk-21\bin\nio.dll
0x00007ffa408d0000 - 0x00007ffa408e0000 	C:\Program Files\Java\jdk-21\bin\verify.dll
0x00007ffa30bf0000 - 0x00007ffa30c17000 	C:\Users\amara\.gradle\native\c067742578af261105cb4f569cf0c3c89f3d7b1fecec35dd04571415982c5e48\windows-amd64\native-platform.dll
0x00007ffa002d0000 - 0x00007ffa00414000 	C:\Users\amara\.gradle\native\100fb08df4bc3b14c8652ba06237920a3bd2aa13389f12d3474272988ae205f9\windows-amd64\native-platform-file-events.dll
0x00007ffa33960000 - 0x00007ffa3396a000 	C:\Program Files\Java\jdk-21\bin\management.dll
0x00007ffa30da0000 - 0x00007ffa30dab000 	C:\Program Files\Java\jdk-21\bin\management_ext.dll
0x00007ffa5f7b0000 - 0x00007ffa5f7b8000 	C:\WINDOWS\System32\PSAPI.DLL
0x00007ffa5cf60000 - 0x00007ffa5cf7b000 	C:\WINDOWS\SYSTEM32\CRYPTSP.dll
0x00007ffa5c670000 - 0x00007ffa5c6ab000 	C:\WINDOWS\system32\rsaenh.dll
0x00007ffa5cd40000 - 0x00007ffa5cd6b000 	C:\WINDOWS\SYSTEM32\USERENV.dll
0x00007ffa5d880000 - 0x00007ffa5d8a6000 	C:\WINDOWS\SYSTEM32\bcrypt.dll
0x00007ffa5cf80000 - 0x00007ffa5cf8c000 	C:\WINDOWS\SYSTEM32\CRYPTBASE.dll
0x00007ffa5c120000 - 0x00007ffa5c153000 	C:\WINDOWS\SYSTEM32\IPHLPAPI.DLL
0x00007ffa5f8f0000 - 0x00007ffa5f8fa000 	C:\WINDOWS\System32\NSI.dll
0x00007ffa23560000 - 0x00007ffa23569000 	C:\Program Files\Java\jdk-21\bin\extnet.dll
0x00007ffa1bfc0000 - 0x00007ffa1bfce000 	C:\Program Files\Java\jdk-21\bin\sunmscapi.dll
0x00007ffa5e040000 - 0x00007ffa5e1b7000 	C:\WINDOWS\System32\CRYPT32.dll
0x00007ffa5d180000 - 0x00007ffa5d1b0000 	C:\WINDOWS\SYSTEM32\ncrypt.dll
0x00007ffa5d130000 - 0x00007ffa5d16f000 	C:\WINDOWS\SYSTEM32\NTASN1.dll
0x00007ff97d1e0000 - 0x00007ff97d1e8000 	C:\WINDOWS\system32\wshunix.dll
0x00007ffa37750000 - 0x00007ffa37768000 	C:\WINDOWS\system32\napinsp.dll
0x00007ffa5c160000 - 0x00007ffa5c286000 	C:\WINDOWS\SYSTEM32\DNSAPI.dll
0x00007ffa370e0000 - 0x00007ffa370f2000 	C:\WINDOWS\System32\winrnr.dll
0x00007ffa36350000 - 0x00007ffa36380000 	C:\WINDOWS\system32\nlansp_c.dll
0x00007ffa56460000 - 0x00007ffa56480000 	C:\WINDOWS\system32\wshbth.dll
0x00007ffa558a0000 - 0x00007ffa558ab000 	C:\Windows\System32\rasadhlp.dll
0x00007ffa552d0000 - 0x00007ffa55356000 	C:\WINDOWS\System32\fwpuclnt.dll

dbghelp: loaded successfully - version: 4.0.5 - missing functions: none
symbol engine: initialized successfully - sym options: 0x614 - pdb path: .;C:\Program Files\Java\jdk-21\bin;C:\WINDOWS\SYSTEM32;C:\WINDOWS\WinSxS\amd64_microsoft.windows.common-controls_6595b64144ccf1df_6.0.26100.4768_none_3e0c112ce331287c;C:\Program Files\Java\jdk-21\bin\server;C:\Users\amara\.gradle\native\c067742578af261105cb4f569cf0c3c89f3d7b1fecec35dd04571415982c5e48\windows-amd64;C:\Users\amara\.gradle\native\100fb08df4bc3b14c8652ba06237920a3bd2aa13389f12d3474272988ae205f9\windows-amd64

VM Arguments:
jvm_args: -XX:MaxMetaspaceSize=512m --add-opens=java.base/java.util=ALL-UNNAMED --add-opens=java.base/java.lang=ALL-UNNAMED --add-opens=java.base/java.lang.invoke=ALL-UNNAMED --add-opens=java.prefs/java.util.prefs=ALL-UNNAMED --add-exports=jdk.compiler/com.sun.tools.javac.api=ALL-UNNAMED --add-exports=jdk.compiler/com.sun.tools.javac.util=ALL-UNNAMED --add-opens=java.base/java.nio.charset=ALL-UNNAMED --add-opens=java.base/java.net=ALL-UNNAMED --add-opens=java.base/java.util.concurrent.atomic=ALL-UNNAMED -Xmx2048m -Dfile.encoding=UTF-8 -Duser.country=GB -Duser.language=en -Duser.variant -javaagent:C:\Users\amara\.gradle\wrapper\dists\gradle-8.10.2-all\7iv73wktx1xtkvlq19urqw1wm\gradle-8.10.2\lib\agents\gradle-instrumentation-agent-8.10.2.jar 
java_command: org.gradle.launcher.daemon.bootstrap.GradleDaemon 8.10.2
java_class_path (initial): C:\Users\amara\.gradle\wrapper\dists\gradle-8.10.2-all\7iv73wktx1xtkvlq19urqw1wm\gradle-8.10.2\lib\gradle-daemon-main-8.10.2.jar
Launcher Type: SUN_STANDARD

[Global flags]
     intx CICompilerCount                          = 12                                        {product} {ergonomic}
   size_t CompressedClassSpaceSize                 = 436207616                                 {product} {ergonomic}
     uint ConcGCThreads                            = 3                                         {product} {ergonomic}
     uint G1ConcRefinementThreads                  = 13                                        {product} {ergonomic}
   size_t G1HeapRegionSize                         = 1048576                                   {product} {ergonomic}
    uintx GCDrainStackTargetSize                   = 64                                        {product} {ergonomic}
   size_t InitialHeapSize                          = 268435456                                 {product} {ergonomic}
   size_t MarkStackSize                            = 4194304                                   {product} {ergonomic}
   size_t MaxHeapSize                              = 2147483648                                {product} {command line}
   size_t MaxMetaspaceSize                         = 536870912                                 {product} {command line}
   size_t MaxNewSize                               = 1287651328                                {product} {ergonomic}
   size_t MinHeapDeltaBytes                        = 1048576                                   {product} {ergonomic}
   size_t MinHeapSize                              = 8388608                                   {product} {ergonomic}
    uintx NonNMethodCodeHeapSize                   = 7602480                                {pd product} {ergonomic}
    uintx NonProfiledCodeHeapSize                  = 122027880                              {pd product} {ergonomic}
    uintx ProfiledCodeHeapSize                     = 122027880                              {pd product} {ergonomic}
    uintx ReservedCodeCacheSize                    = 251658240                              {pd product} {ergonomic}
     bool SegmentedCodeCache                       = true                                      {product} {ergonomic}
   size_t SoftMaxHeapSize                          = 2147483648                             {manageable} {ergonomic}
     bool UseCompressedOops                        = true                           {product lp64_product} {ergonomic}
     bool UseG1GC                                  = true                                      {product} {ergonomic}
     bool UseLargePagesIndividualAllocation        = false                                  {pd product} {ergonomic}

Logging:
Log output configuration:
 #0: stdout all=warning uptime,level,tags foldmultilines=false
 #1: stderr all=off uptime,level,tags foldmultilines=false

Environment Variables:
JAVA_HOME=C:\Program Files\Java\jdk-21
CLASSPATH=C:\Users\amara\Documents\Projects\BetSocial\android\\gradle\wrapper\gradle-wrapper.jar
PATH=C:\Users\amara\Documents\Projects\BetSocial\node_modules\.bin;C:\Users\amara\Documents\Projects\node_modules\.bin;C:\Users\amara\Documents\node_modules\.bin;C:\Users\amara\node_modules\.bin;C:\Users\node_modules\.bin;C:\node_modules\.bin;C:\Program Files\nodejs\node_modules\npm\node_modules\@npmcli\run-script\lib\node-gyp-bin;C:\Program Files\Common Files\Oracle\Java\javapath;C:\Program Files (x86)\Common Files\Oracle\Java\java8path;C:\Program Files (x86)\Common Files\Oracle\Java\javapath;C:\Program Files\Microsoft\jdk-17.0.14.7-hotspot\bin;C:\Python313\Scripts\;C:\Python313\;C:\WINDOWS\system32;C:\WINDOWS;C:\WINDOWS\System32\Wbem;C:\WINDOWS\System32\WindowsPowerShell\v1.0\;C:\WINDOWS\System32\OpenSSH\;C:\Program Files\Git\cmd;C:\Program Files\dotnet\;C:\ProgramData\chocolatey\bin;C:\Program Files (x86)\Windows Kits\10\Windows Performance Toolkit\;C:\Program Files (x86)\Microsoft SQL Server\160\Tools\Binn\;C:\Program Files\Microsoft SQL Server\160\Tools\Binn\;C:\Program Files\Microsoft SQL Server\Client SDK\ODBC\170\Tools\Binn\;C:\Program Files\Microsoft SQL Server\160\DTS\Binn\;C:\Program Files (x86)\Microsoft SQL Server\160\DTS\Binn\;C:\Program Files\MySQL\MySQL Server 8.0\bin;C:\Program Files\nodejs\;C:\Program Files\MySQL\MySQL Shell 8.0\bin\;C:\Users\amara\AppData\Local\Programs\Python\Python312\Scripts\;C:\Users\amara\AppData\Local\Programs\Python\Python312\;C:\Windows\system32;C:\Windows;C:\Windows\System32\Wbem;C:\Windows\System32\WindowsPowerShell\v1.0\;C:\Windows\System32\OpenSSH\;C:\Program Files\Git\cmd;C:\Program Files\dotnet\;C:\Program Files\nodejs\;C:\ProgramData\chocolatey\bin;C:\Program Files (x86)\Windows Kits\10\Windows Performance Toolkit\;C:\Users\amara\AppData\Local\Microsoft\WindowsApps;C:\Users\amara\.dotnet\tools;C:\Users\amara\AppData\Local\Programs\Microsoft VS Code\bin;C:\Python34\Scripts;C:\Users\amara\AppData\Roaming\npm;C:\Users\amara\AppData\Local\Android\Sdk\platform-tools;;%USERPROFILE%\AppData\Local\Microsoft\WindowsApps
USERNAME=amara
OS=Windows_NT
PROCESSOR_IDENTIFIER=AMD64 Family 25 Model 33 Stepping 2, AuthenticAMD
TMP=C:\Users\amara\AppData\Local\Temp
TEMP=C:\Users\amara\AppData\Local\Temp




Periodic native trim disabled

---------------  S Y S T E M  ---------------

OS:
 Windows 11 , 64 bit Build 26100 (10.0.26100.4768)
OS uptime: 2 days 23:15 hours

CPU: total 16 (initial active 16) (16 cores per cpu, 2 threads per core) family 25 model 33 stepping 2 microcode 0xa20120a, cx8, cmov, fxsr, ht, mmx, 3dnowpref, sse, sse2, sse3, ssse3, sse4a, sse4.1, sse4.2, popcnt, lzcnt, tsc, tscinvbit, avx, avx2, aes, erms, clmul, bmi1, bmi2, adx, sha, fma, vzeroupper, clflush, clflushopt, rdtscp, rdpid, fsrm, f16c, pku, cet_ss
Processor Information for all 16 processors :
  Max Mhz: 3801, Current Mhz: 3801, Mhz Limit: 3801

Memory: 4k page, system-wide physical 16307M (1342M free)
TotalPageFile size 65459M (AvailPageFile size 37M)
current process WorkingSet (physical memory assigned to process): 932M, peak: 937M
current process commit charge ("private bytes"): 994M, peak: 1065M

vm_info: Java HotSpot(TM) 64-Bit Server VM (21.0.8+12-LTS-250) for windows-amd64 JRE (21.0.8+12-LTS-250), built on 2025-06-27T08:11:22Z by "mach5one" with MS VC++ 17.6 (VS2022)

END.
