#
# There is insufficient memory for the Java Runtime Environment to continue.
# Native memory allocation (malloc) failed to allocate 1756320 bytes for Chunk::new
# Possible reasons:
#   The system is out of physical RAM or swap space
#   The process is running with CompressedOops enabled, and the Java Heap may be blocking the growth of the native heap
# Possible solutions:
#   Reduce memory load on the system
#   Increase physical memory or swap space
#   Check if swap backing store is full
#   Decrease Java heap size (-Xmx/-Xms)
#   Decrease number of Java threads
#   Decrease Java thread stack sizes (-Xss)
#   Set larger code cache with -XX:ReservedCodeCacheSize=
#   JVM is running with Unscaled Compressed Oops mode in which the Java heap is
#     placed in the first 4GB address space. The Java Heap base address is the
#     maximum limit for the native heap growth. Please use -XX:HeapBaseMinAddress
#     to set the Java Heap base and to place the Java Heap above 4GB virtual address.
# This output file may be truncated or incomplete.
#
#  Out of Memory Error (arena.cpp:168), pid=28900, tid=32816
#
# JRE version: Java(TM) SE Runtime Environment (21.0.8+12) (build 21.0.8+12-LTS-250)
# Java VM: Java HotSpot(TM) 64-Bit Server VM (21.0.8+12-LTS-250, mixed mode, sharing, tiered, compressed oops, compressed class ptrs, g1 gc, windows-amd64)
# No core dump will be written. Minidumps are not enabled by default on client versions of Windows
#

---------------  S U M M A R Y ------------

Command Line: -XX:MaxMetaspaceSize=512m --add-opens=java.base/java.util=ALL-UNNAMED --add-opens=java.base/java.lang=ALL-UNNAMED --add-opens=java.base/java.lang.invoke=ALL-UNNAMED --add-opens=java.prefs/java.util.prefs=ALL-UNNAMED --add-exports=jdk.compiler/com.sun.tools.javac.api=ALL-UNNAMED --add-exports=jdk.compiler/com.sun.tools.javac.util=ALL-UNNAMED --add-opens=java.base/java.nio.charset=ALL-UNNAMED --add-opens=java.base/java.net=ALL-UNNAMED --add-opens=java.base/java.util.concurrent.atomic=ALL-UNNAMED -Xmx2048m -Dfile.encoding=UTF-8 -Duser.country=GB -Duser.language=en -Duser.variant -javaagent:C:\Users\amara\.gradle\wrapper\dists\gradle-8.10.2-all\7iv73wktx1xtkvlq19urqw1wm\gradle-8.10.2\lib\agents\gradle-instrumentation-agent-8.10.2.jar org.gradle.launcher.daemon.bootstrap.GradleDaemon 8.10.2

Host: AMD Ryzen 7 5800X 8-Core Processor             , 16 cores, 15G,  Windows 11 , 64 bit Build 26100 (10.0.26100.4768)
Time: Mon Aug 18 08:15:20 2025 GMT Summer Time elapsed time: 9427.909546 seconds (0d 2h 37m 7s)

---------------  T H R E A D  ---------------

Current thread (0x0000019ec38eb8d0):  JavaThread "C2 CompilerThread2" daemon [_thread_in_native, id=32816, stack(0x0000008628600000,0x0000008628700000) (1024K)]


Current CompileTask:
C2:9427909 26967       4       org.gradle.api.internal.artifacts.ivyservice.resolveengine.result.StreamingResolutionResultBuilder::visitNode (42 bytes)

Stack: [0x0000008628600000,0x0000008628700000]
Native frames: (J=compiled Java code, j=interpreted, Vv=VM code, C=native code)
V  [jvm.dll+0x6cc179]
V  [jvm.dll+0x8584c1]
V  [jvm.dll+0x85a9ee]
V  [jvm.dll+0x85b0c3]
V  [jvm.dll+0x27ebf6]
V  [jvm.dll+0xc4f4d]
V  [jvm.dll+0xc5483]
V  [jvm.dll+0x3b6abc]
V  [jvm.dll+0x382a35]
V  [jvm.dll+0x381eaa]
V  [jvm.dll+0x247670]
V  [jvm.dll+0x246c4f]
V  [jvm.dll+0x1c7a3e]
V  [jvm.dll+0x256359]
V  [jvm.dll+0x2548ea]
V  [jvm.dll+0x3efef6]
V  [jvm.dll+0x80279b]
V  [jvm.dll+0x6ca85d]
C  [ucrtbase.dll+0x37b0]
C  [KERNEL32.DLL+0x2e8d7]
C  [ntdll.dll+0x3c34c]


---------------  P R O C E S S  ---------------

Threads class SMR info:
_java_thread_list=0x0000019ec585b690, length=240, elements={
0x0000019e803abdc0, 0x0000019e9fbe6100, 0x0000019e9fbe7970, 0x0000019e9fbed7f0,
0x0000019e9fbef600, 0x0000019e9fbf0d70, 0x0000019e9fbf83d0, 0x0000019e9fbf8e20,
0x0000019e9fbfa420, 0x0000019ebb277b40, 0x0000019ebb2774b0, 0x0000019ebb276790,
0x0000019ebb2781d0, 0x0000019ebb275a70, 0x0000019ec13b12a0, 0x0000019ec13b1fc0,
0x0000019ec13b0580, 0x0000019ec13b4090, 0x0000019ec13b0c10, 0x0000019ec13b3a00,
0x0000019ec13b7510, 0x0000019ec4973160, 0x0000019ec4300210, 0x0000019ec591ff00,
0x0000019ec64c6b60, 0x0000019ec64c36e0, 0x0000019ec64c71f0, 0x0000019ec2925e10,
0x0000019ec2925780, 0x0000019ec618f980, 0x0000019ec618cff0, 0x0000019ec618c2d0,
0x0000019ecd6b9090, 0x0000019ec618c960, 0x0000019ec81a9530, 0x0000019ec81a8810,
0x0000019ec81a9bc0, 0x0000019ecf3c76f0, 0x0000019ecf3c6340, 0x0000019ecd622730,
0x0000019ecf1346c0, 0x0000019ecf133310, 0x0000019ecf134d50, 0x0000019ec891d150,
0x0000019ec891b710, 0x0000019ece8d4630, 0x0000019ece8d5350, 0x0000019ece8d7420,
0x0000019ec891bda0, 0x0000019ec891cac0, 0x0000019ec891c430, 0x0000019ec891d7e0,
0x0000019ec891de70, 0x0000019ec891e500, 0x0000019ec891b080, 0x0000019ed1d2a150,
0x0000019ecf025350, 0x0000019ecf023810, 0x0000019ecf029770, 0x0000019ecf0289d0,
0x0000019ecd7198d0, 0x0000019ecd717e90, 0x0000019ecd716450, 0x0000019ecd718520,
0x0000019ecd716ae0, 0x0000019ecd718bb0, 0x0000019ecd717170, 0x0000019ec81a8ea0,
0x0000019ed024a5c0, 0x0000019ed024c000, 0x0000019ed024ac50, 0x0000019ed024b970,
0x0000019ed024b2e0, 0x0000019ed024c690, 0x0000019ec7c351d0, 0x0000019ecd622dc0,
0x0000019ec4cc6b70, 0x0000019ec4cc7200, 0x0000019ec4cc64e0, 0x0000019ec4cc7890,
0x0000019ed298fc40, 0x0000019ed2990ff0, 0x0000019ec7c344b0, 0x0000019ed17e6370,
0x0000019ed17e5ce0, 0x0000019ed17e2ef0, 0x0000019ed17e3c10, 0x0000019ed17e42a0,
0x0000019ed17e3580, 0x0000019ed17e4930, 0x0000019ece8d59e0, 0x0000019ece8d6700,
0x0000019ed1d2c220, 0x0000019ed1d2a7e0, 0x0000019ece8d7ab0, 0x0000019ece8d4cc0,
0x0000019ed29902d0, 0x0000019ecd2e3680, 0x0000019ecd13dd90, 0x0000019ec602a4e0,
0x0000019ed2990960, 0x0000019ecd2e3d10, 0x0000019ecd2e2960, 0x0000019ecd2e2ff0,
0x0000019ec604f3b0, 0x0000019ec604e690, 0x0000019ec604d2e0, 0x0000019ec604fa40,
0x0000019ed1d2ae70, 0x0000019ed1d29430, 0x0000019ed1d29ac0, 0x0000019ed1d2b500,
0x0000019ed1d2bb90, 0x0000019ed1d2c8b0, 0x0000019ecf995d80, 0x0000019ec65dac30,
0x0000019ec65db2c0, 0x0000019ec65db950, 0x0000019ec65d9f10, 0x0000019ec65d91f0,
0x0000019ec65dbfe0, 0x0000019ec5910db0, 0x0000019ec5911440, 0x0000019ec5912160,
0x0000019ec590ece0, 0x0000019ec47a97b0, 0x0000019ec47a9e40, 0x0000019ec47a9120,
0x0000019ec4277100, 0x0000019ec39e5950, 0x0000019ec39e6670, 0x0000019ec39e6d00,
0x0000019ec39e7390, 0x0000019ec39e7a20, 0x0000019ec39e80b0, 0x0000019ec39e8740,
0x0000019ec39e5fe0, 0x0000019ec39e52c0, 0x0000019ec3445640, 0x0000019ec3443570,
0x0000019ec3442850, 0x0000019ec3442ee0, 0x0000019ec3445cd0, 0x0000019ec3443c00,
0x0000019ec3444290, 0x0000019ec3444920, 0x0000019ec3444fb0, 0x0000019ec01e6870,
0x0000019ec01e7c20, 0x0000019ec01e5b50, 0x0000019ec01e82b0, 0x0000019ec38eb8d0,
0x0000019ec01e8940, 0x0000019ec01e6f00, 0x0000019ec01e61e0, 0x0000019ec01e54c0,
0x0000019ec01e7590, 0x0000019ed0ba27c0, 0x0000019ed0ba1410, 0x0000019ed0ba34e0,
0x0000019ed0ba2e50, 0x0000019ed0ba0060, 0x0000019ec6bfa2d0, 0x0000019ec6bfaff0,
0x0000019ec6bfb680, 0x0000019ec6bfbd10, 0x0000019ec6bfc3a0, 0x0000019ec6bfca30,
0x0000019ec6bf95b0, 0x0000019ec80455f0, 0x0000019ec8046310, 0x0000019ec8042e90,
0x0000019ec8043520, 0x0000019ec8043bb0, 0x0000019ec8044240, 0x0000019ec80448d0,
0x0000019ec8044f60, 0x0000019ec604d970, 0x0000019ec604ed20, 0x0000019ec60500d0,
0x0000019ec604e000, 0x0000019ec6050760, 0x0000019ecf2106a0, 0x0000019ecf212770,
0x0000019ecf212e00, 0x0000019ecf210d30, 0x0000019ed0ba2130, 0x0000019ed0ba1aa0,
0x0000019ed0ba06f0, 0x0000019ec65d9880, 0x0000019ec65d8b60, 0x0000019ec65da5a0,
0x0000019ec01f26e0, 0x0000019ec01f2d70, 0x0000019ec01f3400, 0x0000019ec01f3a90,
0x0000019ec01f0ca0, 0x0000019ec080c380, 0x0000019ec080ca10, 0x0000019ec080afd0,
0x0000019ec080d0a0, 0x0000019ec080e450, 0x0000019ec080b660, 0x0000019ec080bcf0,
0x0000019ec080d730, 0x0000019ec7ce3cc0, 0x0000019ec7ce5d90, 0x0000019ec7ce4350,
0x0000019ec38e8250, 0x0000019ec7ce6420, 0x0000019ec7ce2fa0, 0x0000019ec7ce5070,
0x0000019ec7ce5700, 0x0000019ec7ce49e0, 0x0000019ec7ce3630, 0x0000019ec080ddc0,
0x0000019ec35aab90, 0x0000019ec35ab220, 0x0000019ec35ab8b0, 0x0000019ec35abf40,
0x0000019ec35a9150, 0x0000019ec35a9e70, 0x0000019ec35a8ac0, 0x0000019ec35a97e0,
0x0000019ec42763e0, 0x0000019ec69ea940, 0x0000019ec42749a0, 0x0000019ec4274310,
0x0000019ec42756c0, 0x0000019ed05731c0, 0x0000019ed0574570, 0x0000019ed0571780,
0x0000019ed0571e10, 0x0000019ed05724a0, 0x0000019ed0572b30, 0x0000019ed0573850,
0x0000019ed0573ee0, 0x0000019ed05710f0, 0x0000019ed17e4fc0, 0x0000019ed17e5650
}

Java Threads: ( => current thread )
  0x0000019e803abdc0 JavaThread "main"                              [_thread_blocked, id=12000, stack(0x000000861ed00000,0x000000861ee00000) (1024K)]
  0x0000019e9fbe6100 JavaThread "Reference Handler"          daemon [_thread_blocked, id=17696, stack(0x000000861f500000,0x000000861f600000) (1024K)]
  0x0000019e9fbe7970 JavaThread "Finalizer"                  daemon [_thread_blocked, id=22096, stack(0x000000861f600000,0x000000861f700000) (1024K)]
  0x0000019e9fbed7f0 JavaThread "Signal Dispatcher"          daemon [_thread_blocked, id=15568, stack(0x000000861f700000,0x000000861f800000) (1024K)]
  0x0000019e9fbef600 JavaThread "Attach Listener"            daemon [_thread_blocked, id=16436, stack(0x000000861f800000,0x000000861f900000) (1024K)]
  0x0000019e9fbf0d70 JavaThread "Service Thread"             daemon [_thread_blocked, id=21724, stack(0x000000861f900000,0x000000861fa00000) (1024K)]
  0x0000019e9fbf83d0 JavaThread "Monitor Deflation Thread"   daemon [_thread_blocked, id=25232, stack(0x000000861fa00000,0x000000861fb00000) (1024K)]
  0x0000019e9fbf8e20 JavaThread "C2 CompilerThread0"         daemon [_thread_in_native, id=18820, stack(0x000000861fb00000,0x000000861fc00000) (1024K)]
  0x0000019e9fbfa420 JavaThread "C1 CompilerThread0"         daemon [_thread_blocked, id=23956, stack(0x000000861fc00000,0x000000861fd00000) (1024K)]
  0x0000019ebb277b40 JavaThread "Common-Cleaner"             daemon [_thread_blocked, id=33296, stack(0x000000861fe00000,0x000000861ff00000) (1024K)]
  0x0000019ebb2774b0 JavaThread "Notification Thread"        daemon [_thread_blocked, id=9252, stack(0x000000861ff00000,0x0000008620000000) (1024K)]
  0x0000019ebb276790 JavaThread "Daemon health stats"               [_thread_blocked, id=24128, stack(0x0000008620d00000,0x0000008620e00000) (1024K)]
  0x0000019ebb2781d0 JavaThread "Incoming local TCP Connector on port 55483"        [_thread_in_native, id=444, stack(0x0000008620e00000,0x0000008620f00000) (1024K)]
  0x0000019ebb275a70 JavaThread "Daemon periodic checks"            [_thread_blocked, id=20784, stack(0x0000008620f00000,0x0000008621000000) (1024K)]
  0x0000019ec13b12a0 JavaThread "Cache worker for journal cache (C:\Users\amara\.gradle\caches\journal-1)"        [_thread_blocked, id=24592, stack(0x0000008621700000,0x0000008621800000) (1024K)]
  0x0000019ec13b1fc0 JavaThread "File lock request listener"        [_thread_in_native, id=30820, stack(0x0000008621800000,0x0000008621900000) (1024K)]
  0x0000019ec13b0580 JavaThread "Cache worker for file hash cache (C:\Users\amara\.gradle\caches\8.10.2\fileHashes)"        [_thread_blocked, id=7540, stack(0x0000008621900000,0x0000008621a00000) (1024K)]
  0x0000019ec13b4090 JavaThread "File watcher server"        daemon [_thread_in_native, id=32964, stack(0x0000008622200000,0x0000008622300000) (1024K)]
  0x0000019ec13b0c10 JavaThread "File watcher consumer"      daemon [_thread_blocked, id=14292, stack(0x0000008622300000,0x0000008622400000) (1024K)]
  0x0000019ec13b3a00 JavaThread "Cache worker for file content cache (C:\Users\amara\.gradle\caches\8.10.2\fileContent)"        [_thread_blocked, id=31700, stack(0x0000008622500000,0x0000008622600000) (1024K)]
  0x0000019ec13b7510 JavaThread "jar transforms"                    [_thread_blocked, id=31672, stack(0x0000008622900000,0x0000008622a00000) (1024K)]
  0x0000019ec4973160 JavaThread "Memory manager"                    [_thread_blocked, id=16072, stack(0x0000008625e00000,0x0000008625f00000) (1024K)]
  0x0000019ec4300210 JavaThread "jar transforms Thread 2"           [_thread_blocked, id=17900, stack(0x000000862c500000,0x000000862c600000) (1024K)]
  0x0000019ec591ff00 JavaThread "jar transforms Thread 3"           [_thread_blocked, id=8524, stack(0x000000862c600000,0x000000862c700000) (1024K)]
  0x0000019ec64c6b60 JavaThread "jar transforms Thread 4"           [_thread_blocked, id=3712, stack(0x000000862f100000,0x000000862f200000) (1024K)]
  0x0000019ec64c36e0 JavaThread "jar transforms Thread 5"           [_thread_blocked, id=17400, stack(0x000000862f200000,0x000000862f300000) (1024K)]
  0x0000019ec64c71f0 JavaThread "jar transforms Thread 6"           [_thread_blocked, id=18208, stack(0x000000862f300000,0x000000862f400000) (1024K)]
  0x0000019ec2925e10 JavaThread "jar transforms Thread 7"           [_thread_blocked, id=33776, stack(0x000000862c400000,0x000000862c500000) (1024K)]
  0x0000019ec2925780 JavaThread "jar transforms Thread 8"           [_thread_blocked, id=14604, stack(0x000000862f000000,0x000000862f100000) (1024K)]
  0x0000019ec618f980 JavaThread "jar transforms Thread 9"           [_thread_blocked, id=12180, stack(0x000000862f400000,0x000000862f500000) (1024K)]
  0x0000019ec618cff0 JavaThread "jar transforms Thread 10"          [_thread_blocked, id=13328, stack(0x000000862f700000,0x000000862f800000) (1024K)]
  0x0000019ec618c2d0 JavaThread "jar transforms Thread 11"          [_thread_blocked, id=9524, stack(0x000000862f500000,0x000000862f600000) (1024K)]
  0x0000019ecd6b9090 JavaThread "jar transforms Thread 12"          [_thread_blocked, id=27460, stack(0x000000862f800000,0x000000862f900000) (1024K)]
  0x0000019ec618c960 JavaThread "jar transforms Thread 13"          [_thread_blocked, id=25356, stack(0x000000862f900000,0x000000862fa00000) (1024K)]
  0x0000019ec81a9530 JavaThread "jar transforms Thread 14"          [_thread_blocked, id=13504, stack(0x000000862fa00000,0x000000862fb00000) (1024K)]
  0x0000019ec81a8810 JavaThread "jar transforms Thread 15"          [_thread_blocked, id=1176, stack(0x000000862fb00000,0x000000862fc00000) (1024K)]
  0x0000019ec81a9bc0 JavaThread "jar transforms Thread 16"          [_thread_blocked, id=14368, stack(0x000000862fc00000,0x000000862fd00000) (1024K)]
  0x0000019ecf3c76f0 JavaThread "Monitor"                           [_thread_in_native, id=16004, stack(0x0000008627b00000,0x0000008627c00000) (1024K)]
  0x0000019ecf3c6340 JavaThread "Device List Monitor"               [_thread_in_native, id=14380, stack(0x000000862a200000,0x000000862a300000) (1024K)]
  0x0000019ecd622730 JavaThread "Daemon Thread 2"                   [_thread_blocked, id=12360, stack(0x000000861ea00000,0x000000861eb00000) (1024K)]
  0x0000019ecf1346c0 JavaThread "Handler for socket connection from /127.0.0.1:55483 to /127.0.0.1:62729"        [_thread_in_native, id=20912, stack(0x000000861eb00000,0x000000861ec00000) (1024K)]
  0x0000019ecf133310 JavaThread "Cancel handler"                    [_thread_blocked, id=30420, stack(0x000000861ec00000,0x000000861ed00000) (1024K)]
  0x0000019ecf134d50 JavaThread "Daemon worker Thread 2"            [_thread_in_Java, id=2652, stack(0x000000861fd00000,0x000000861fe00000) (1024K)]
  0x0000019ec891d150 JavaThread "Asynchronous log dispatcher for DefaultDaemonConnection: socket connection from /127.0.0.1:55483 to /127.0.0.1:62729"        [_thread_blocked, id=22588, stack(0x0000008620000000,0x0000008620100000) (1024K)]
  0x0000019ec891b710 JavaThread "Stdin handler"                     [_thread_blocked, id=20592, stack(0x0000008620100000,0x0000008620200000) (1024K)]
  0x0000019ece8d4630 JavaThread "Daemon client event forwarder"        [_thread_blocked, id=31152, stack(0x0000008620200000,0x0000008620300000) (1024K)]
  0x0000019ece8d5350 JavaThread "Cache worker for file hash cache (C:\Users\amara\Documents\Projects\BetSocial\android\.gradle\8.10.2\fileHashes)"        [_thread_blocked, id=15232, stack(0x0000008620800000,0x0000008620900000) (1024K)]
  0x0000019ece8d7420 JavaThread "Cache worker for Build Output Cleanup Cache (C:\Users\amara\Documents\Projects\BetSocial\android\.gradle\buildOutputCleanup)"        [_thread_blocked, id=26540, stack(0x0000008620900000,0x0000008620a00000) (1024K)]
  0x0000019ec891bda0 JavaThread "Cache worker for checksums cache (C:\Users\amara\Documents\Projects\BetSocial\android\.gradle\8.10.2\checksums)"        [_thread_blocked, id=31132, stack(0x0000008621000000,0x0000008621100000) (1024K)]
  0x0000019ec891cac0 JavaThread "Cache worker for cache directory md-rule (C:\Users\amara\.gradle\caches\8.10.2\md-rule)"        [_thread_blocked, id=5452, stack(0x0000008621100000,0x0000008621200000) (1024K)]
  0x0000019ec891c430 JavaThread "Cache worker for cache directory md-supplier (C:\Users\amara\.gradle\caches\8.10.2\md-supplier)"        [_thread_blocked, id=14976, stack(0x0000008621200000,0x0000008621300000) (1024K)]
  0x0000019ec891d7e0 JavaThread "Cache worker for Build Output Cleanup Cache (C:\Users\amara\Documents\Projects\BetSocial\node_modules\@react-native\gradle-plugin\.gradle\buildOutputCleanup)"        [_thread_blocked, id=14828, stack(0x0000008621300000,0x0000008621400000) (1024K)]
  0x0000019ec891de70 JavaThread "Unconstrained build operations"        [_thread_blocked, id=17812, stack(0x0000008621400000,0x0000008621500000) (1024K)]
  0x0000019ec891e500 JavaThread "Unconstrained build operations Thread 2"        [_thread_blocked, id=25672, stack(0x0000008621500000,0x0000008621600000) (1024K)]
  0x0000019ec891b080 JavaThread "Unconstrained build operations Thread 3"        [_thread_blocked, id=10760, stack(0x0000008621600000,0x0000008621700000) (1024K)]
  0x0000019ed1d2a150 JavaThread "Unconstrained build operations Thread 4"        [_thread_blocked, id=29356, stack(0x0000008622000000,0x0000008622100000) (1024K)]
  0x0000019ecf025350 JavaThread "C1 CompilerThread1"         daemon [_thread_blocked, id=12596, stack(0x0000008622100000,0x0000008622200000) (1024K)]
  0x0000019ecf023810 JavaThread "C1 CompilerThread2"         daemon [_thread_blocked, id=28248, stack(0x0000008622400000,0x0000008622500000) (1024K)]
  0x0000019ecf029770 JavaThread "C1 CompilerThread3"         daemon [_thread_blocked, id=2792, stack(0x0000008622600000,0x0000008622700000) (1024K)]
  0x0000019ecf0289d0 JavaThread "C2 CompilerThread1"         daemon [_thread_in_native, id=24804, stack(0x0000008622700000,0x0000008622800000) (1024K)]
  0x0000019ecd7198d0 JavaThread "Unconstrained build operations Thread 5"        [_thread_blocked, id=29252, stack(0x0000008622800000,0x0000008622900000) (1024K)]
  0x0000019ecd717e90 JavaThread "Unconstrained build operations Thread 6"        [_thread_blocked, id=14384, stack(0x0000008622a00000,0x0000008622b00000) (1024K)]
  0x0000019ecd716450 JavaThread "Unconstrained build operations Thread 7"        [_thread_blocked, id=21156, stack(0x0000008622b00000,0x0000008622c00000) (1024K)]
  0x0000019ecd718520 JavaThread "Unconstrained build operations Thread 8"        [_thread_blocked, id=21552, stack(0x0000008622c00000,0x0000008622d00000) (1024K)]
  0x0000019ecd716ae0 JavaThread "Unconstrained build operations Thread 9"        [_thread_blocked, id=28500, stack(0x0000008622d00000,0x0000008622e00000) (1024K)]
  0x0000019ecd718bb0 JavaThread "Unconstrained build operations Thread 10"        [_thread_blocked, id=23188, stack(0x0000008622e00000,0x0000008622f00000) (1024K)]
  0x0000019ecd717170 JavaThread "Unconstrained build operations Thread 11"        [_thread_blocked, id=34044, stack(0x0000008622f00000,0x0000008623000000) (1024K)]
  0x0000019ec81a8ea0 JavaThread "Unconstrained build operations Thread 12"        [_thread_blocked, id=10908, stack(0x0000008623000000,0x0000008623100000) (1024K)]
  0x0000019ed024a5c0 JavaThread "Unconstrained build operations Thread 13"        [_thread_blocked, id=27000, stack(0x0000008623100000,0x0000008623200000) (1024K)]
  0x0000019ed024c000 JavaThread "Unconstrained build operations Thread 14"        [_thread_blocked, id=11840, stack(0x0000008623200000,0x0000008623300000) (1024K)]
  0x0000019ed024ac50 JavaThread "Unconstrained build operations Thread 15"        [_thread_blocked, id=28664, stack(0x0000008623300000,0x0000008623400000) (1024K)]
  0x0000019ed024b970 JavaThread "Unconstrained build operations Thread 16"        [_thread_blocked, id=17832, stack(0x0000008623400000,0x0000008623500000) (1024K)]
  0x0000019ed024b2e0 JavaThread "Unconstrained build operations Thread 17"        [_thread_blocked, id=26376, stack(0x0000008623500000,0x0000008623600000) (1024K)]
  0x0000019ed024c690 JavaThread "Unconstrained build operations Thread 18"        [_thread_blocked, id=20880, stack(0x0000008623700000,0x0000008623800000) (1024K)]
  0x0000019ec7c351d0 JavaThread "Unconstrained build operations Thread 19"        [_thread_blocked, id=25012, stack(0x0000008623800000,0x0000008623900000) (1024K)]
  0x0000019ecd622dc0 JavaThread "Unconstrained build operations Thread 20"        [_thread_blocked, id=23604, stack(0x0000008623900000,0x0000008623a00000) (1024K)]
  0x0000019ec4cc6b70 JavaThread "Unconstrained build operations Thread 21"        [_thread_blocked, id=2816, stack(0x0000008623a00000,0x0000008623b00000) (1024K)]
  0x0000019ec4cc7200 JavaThread "Unconstrained build operations Thread 22"        [_thread_blocked, id=14504, stack(0x0000008623b00000,0x0000008623c00000) (1024K)]
  0x0000019ec4cc64e0 JavaThread "Unconstrained build operations Thread 23"        [_thread_blocked, id=26184, stack(0x0000008623c00000,0x0000008623d00000) (1024K)]
  0x0000019ec4cc7890 JavaThread "Unconstrained build operations Thread 24"        [_thread_blocked, id=5364, stack(0x0000008623d00000,0x0000008623e00000) (1024K)]
  0x0000019ed298fc40 JavaThread "Unconstrained build operations Thread 25"        [_thread_blocked, id=26692, stack(0x0000008623e00000,0x0000008623f00000) (1024K)]
  0x0000019ed2990ff0 JavaThread "Unconstrained build operations Thread 26"        [_thread_blocked, id=13700, stack(0x0000008623f00000,0x0000008624000000) (1024K)]
  0x0000019ec7c344b0 JavaThread "Unconstrained build operations Thread 27"        [_thread_blocked, id=33976, stack(0x0000008624000000,0x0000008624100000) (1024K)]
  0x0000019ed17e6370 JavaThread "Unconstrained build operations Thread 28"        [_thread_blocked, id=22212, stack(0x0000008624100000,0x0000008624200000) (1024K)]
  0x0000019ed17e5ce0 JavaThread "Unconstrained build operations Thread 29"        [_thread_blocked, id=16636, stack(0x0000008624200000,0x0000008624300000) (1024K)]
  0x0000019ed17e2ef0 JavaThread "Unconstrained build operations Thread 30"        [_thread_blocked, id=21664, stack(0x0000008624300000,0x0000008624400000) (1024K)]
  0x0000019ed17e3c10 JavaThread "Unconstrained build operations Thread 31"        [_thread_blocked, id=17348, stack(0x0000008624400000,0x0000008624500000) (1024K)]
  0x0000019ed17e42a0 JavaThread "Unconstrained build operations Thread 32"        [_thread_blocked, id=476, stack(0x0000008624500000,0x0000008624600000) (1024K)]
  0x0000019ed17e3580 JavaThread "Unconstrained build operations Thread 33"        [_thread_blocked, id=30652, stack(0x0000008624600000,0x0000008624700000) (1024K)]
  0x0000019ed17e4930 JavaThread "Unconstrained build operations Thread 34"        [_thread_blocked, id=21024, stack(0x0000008624700000,0x0000008624800000) (1024K)]
  0x0000019ece8d59e0 JavaThread "build event listener"              [_thread_blocked, id=13828, stack(0x0000008624800000,0x0000008624900000) (1024K)]
  0x0000019ece8d6700 JavaThread "ForkJoinPool.commonPool-worker-12" daemon [_thread_blocked, id=20220, stack(0x0000008624900000,0x0000008624a00000) (1024K)]
  0x0000019ed1d2c220 JavaThread "ForkJoinPool.commonPool-worker-13" daemon [_thread_blocked, id=29092, stack(0x0000008624a00000,0x0000008624b00000) (1024K)]
  0x0000019ed1d2a7e0 JavaThread "ForkJoinPool.commonPool-worker-14" daemon [_thread_blocked, id=7000, stack(0x0000008624b00000,0x0000008624c00000) (1024K)]
  0x0000019ece8d7ab0 JavaThread "ForkJoinPool.commonPool-worker-15" daemon [_thread_blocked, id=23828, stack(0x0000008624c00000,0x0000008624d00000) (1024K)]
  0x0000019ece8d4cc0 JavaThread "ForkJoinPool.commonPool-worker-16" daemon [_thread_blocked, id=16724, stack(0x0000008624d00000,0x0000008624e00000) (1024K)]
  0x0000019ed29902d0 JavaThread "ForkJoinPool.commonPool-worker-17" daemon [_thread_blocked, id=19072, stack(0x0000008624e00000,0x0000008624f00000) (1024K)]
  0x0000019ecd2e3680 JavaThread "ForkJoinPool.commonPool-worker-18" daemon [_thread_blocked, id=25096, stack(0x0000008624f00000,0x0000008625000000) (1024K)]
  0x0000019ecd13dd90 JavaThread "ForkJoinPool.commonPool-worker-19" daemon [_thread_blocked, id=19700, stack(0x0000008625000000,0x0000008625100000) (1024K)]
  0x0000019ec602a4e0 JavaThread "included builds"                   [_thread_blocked, id=4760, stack(0x0000008623600000,0x0000008623700000) (1024K)]
  0x0000019ed2990960 JavaThread "Execution worker"                  [_thread_blocked, id=21256, stack(0x0000008625100000,0x0000008625200000) (1024K)]
  0x0000019ecd2e3d10 JavaThread "Execution worker Thread 2"         [_thread_blocked, id=24340, stack(0x0000008625200000,0x0000008625300000) (1024K)]
  0x0000019ecd2e2960 JavaThread "Execution worker Thread 3"         [_thread_blocked, id=12968, stack(0x0000008625300000,0x0000008625400000) (1024K)]
  0x0000019ecd2e2ff0 JavaThread "Execution worker Thread 4"         [_thread_blocked, id=5456, stack(0x0000008625400000,0x0000008625500000) (1024K)]
  0x0000019ec604f3b0 JavaThread "Execution worker Thread 5"         [_thread_blocked, id=29352, stack(0x0000008625500000,0x0000008625600000) (1024K)]
  0x0000019ec604e690 JavaThread "Execution worker Thread 6"         [_thread_blocked, id=33644, stack(0x0000008625600000,0x0000008625700000) (1024K)]
  0x0000019ec604d2e0 JavaThread "Execution worker Thread 7"         [_thread_blocked, id=12752, stack(0x0000008625700000,0x0000008625800000) (1024K)]
  0x0000019ec604fa40 JavaThread "Execution worker Thread 8"         [_thread_blocked, id=31580, stack(0x0000008625800000,0x0000008625900000) (1024K)]
  0x0000019ed1d2ae70 JavaThread "Execution worker Thread 9"         [_thread_blocked, id=33840, stack(0x0000008625900000,0x0000008625a00000) (1024K)]
  0x0000019ed1d29430 JavaThread "Execution worker Thread 10"        [_thread_blocked, id=10112, stack(0x0000008625a00000,0x0000008625b00000) (1024K)]
  0x0000019ed1d29ac0 JavaThread "Execution worker Thread 11"        [_thread_blocked, id=17564, stack(0x0000008625b00000,0x0000008625c00000) (1024K)]
  0x0000019ed1d2b500 JavaThread "Execution worker Thread 12"        [_thread_blocked, id=5976, stack(0x0000008625c00000,0x0000008625d00000) (1024K)]
  0x0000019ed1d2bb90 JavaThread "Execution worker Thread 13"        [_thread_blocked, id=32056, stack(0x0000008625d00000,0x0000008625e00000) (1024K)]
  0x0000019ed1d2c8b0 JavaThread "Execution worker Thread 14"        [_thread_blocked, id=18016, stack(0x0000008625f00000,0x0000008626000000) (1024K)]
  0x0000019ecf995d80 JavaThread "Execution worker Thread 15"        [_thread_blocked, id=18508, stack(0x0000008626000000,0x0000008626100000) (1024K)]
  0x0000019ec65dac30 JavaThread "Cache worker for execution history cache (C:\Users\amara\Documents\Projects\BetSocial\node_modules\@react-native\gradle-plugin\.gradle\8.10.2\executionHistory)"        [_thread_blocked, id=32892, stack(0x0000008626100000,0x0000008626200000) (1024K)]
  0x0000019ec65db2c0 JavaThread "Unconstrained build operations Thread 35"        [_thread_blocked, id=25920, stack(0x0000008626200000,0x0000008626300000) (1024K)]
  0x0000019ec65db950 JavaThread "Unconstrained build operations Thread 36"        [_thread_blocked, id=13640, stack(0x0000008626300000,0x0000008626400000) (1024K)]
  0x0000019ec65d9f10 JavaThread "Unconstrained build operations Thread 37"        [_thread_blocked, id=26508, stack(0x0000008626400000,0x0000008626500000) (1024K)]
  0x0000019ec65d91f0 JavaThread "Unconstrained build operations Thread 38"        [_thread_blocked, id=3596, stack(0x0000008626500000,0x0000008626600000) (1024K)]
  0x0000019ec65dbfe0 JavaThread "Unconstrained build operations Thread 39"        [_thread_blocked, id=20108, stack(0x0000008626600000,0x0000008626700000) (1024K)]
  0x0000019ec5910db0 JavaThread "Unconstrained build operations Thread 40"        [_thread_blocked, id=25056, stack(0x0000008626700000,0x0000008626800000) (1024K)]
  0x0000019ec5911440 JavaThread "Unconstrained build operations Thread 41"        [_thread_blocked, id=15556, stack(0x0000008626800000,0x0000008626900000) (1024K)]
  0x0000019ec5912160 JavaThread "Unconstrained build operations Thread 42"        [_thread_blocked, id=21836, stack(0x0000008626900000,0x0000008626a00000) (1024K)]
  0x0000019ec590ece0 JavaThread "Unconstrained build operations Thread 43"        [_thread_blocked, id=30944, stack(0x0000008626a00000,0x0000008626b00000) (1024K)]
  0x0000019ec47a97b0 JavaThread "Unconstrained build operations Thread 44"        [_thread_blocked, id=27548, stack(0x0000008626b00000,0x0000008626c00000) (1024K)]
  0x0000019ec47a9e40 JavaThread "Unconstrained build operations Thread 45"        [_thread_blocked, id=25576, stack(0x0000008626c00000,0x0000008626d00000) (1024K)]
  0x0000019ec47a9120 JavaThread "Unconstrained build operations Thread 46"        [_thread_blocked, id=4060, stack(0x0000008626d00000,0x0000008626e00000) (1024K)]
  0x0000019ec4277100 JavaThread "Unconstrained build operations Thread 47"        [_thread_blocked, id=30168, stack(0x0000008626e00000,0x0000008626f00000) (1024K)]
  0x0000019ec39e5950 JavaThread "Unconstrained build operations Thread 48"        [_thread_blocked, id=29200, stack(0x0000008626f00000,0x0000008627000000) (1024K)]
  0x0000019ec39e6670 JavaThread "Unconstrained build operations Thread 49"        [_thread_blocked, id=23320, stack(0x0000008627000000,0x0000008627100000) (1024K)]
  0x0000019ec39e6d00 JavaThread "Unconstrained build operations Thread 50"        [_thread_blocked, id=13740, stack(0x0000008627100000,0x0000008627200000) (1024K)]
  0x0000019ec39e7390 JavaThread "Unconstrained build operations Thread 51"        [_thread_blocked, id=29320, stack(0x0000008627200000,0x0000008627300000) (1024K)]
  0x0000019ec39e7a20 JavaThread "Unconstrained build operations Thread 52"        [_thread_blocked, id=6760, stack(0x0000008627300000,0x0000008627400000) (1024K)]
  0x0000019ec39e80b0 JavaThread "Unconstrained build operations Thread 53"        [_thread_blocked, id=26044, stack(0x0000008627400000,0x0000008627500000) (1024K)]
  0x0000019ec39e8740 JavaThread "Unconstrained build operations Thread 54"        [_thread_blocked, id=30988, stack(0x0000008627500000,0x0000008627600000) (1024K)]
  0x0000019ec39e5fe0 JavaThread "Unconstrained build operations Thread 55"        [_thread_blocked, id=11236, stack(0x0000008627600000,0x0000008627700000) (1024K)]
  0x0000019ec39e52c0 JavaThread "Unconstrained build operations Thread 56"        [_thread_blocked, id=12540, stack(0x0000008627700000,0x0000008627800000) (1024K)]
  0x0000019ec3445640 JavaThread "Unconstrained build operations Thread 57"        [_thread_blocked, id=27612, stack(0x0000008627800000,0x0000008627900000) (1024K)]
  0x0000019ec3443570 JavaThread "Unconstrained build operations Thread 58"        [_thread_blocked, id=26988, stack(0x0000008627900000,0x0000008627a00000) (1024K)]
  0x0000019ec3442850 JavaThread "Unconstrained build operations Thread 59"        [_thread_blocked, id=1872, stack(0x0000008627a00000,0x0000008627b00000) (1024K)]
  0x0000019ec3442ee0 JavaThread "Unconstrained build operations Thread 60"        [_thread_blocked, id=33092, stack(0x0000008627c00000,0x0000008627d00000) (1024K)]
  0x0000019ec3445cd0 JavaThread "Unconstrained build operations Thread 61"        [_thread_blocked, id=12428, stack(0x0000008627d00000,0x0000008627e00000) (1024K)]
  0x0000019ec3443c00 JavaThread "Unconstrained build operations Thread 62"        [_thread_blocked, id=18524, stack(0x0000008627e00000,0x0000008627f00000) (1024K)]
  0x0000019ec3444290 JavaThread "Unconstrained build operations Thread 63"        [_thread_blocked, id=27816, stack(0x0000008627f00000,0x0000008628000000) (1024K)]
  0x0000019ec3444920 JavaThread "Unconstrained build operations Thread 64"        [_thread_blocked, id=8844, stack(0x0000008628000000,0x0000008628100000) (1024K)]
  0x0000019ec3444fb0 JavaThread "Unconstrained build operations Thread 65"        [_thread_blocked, id=21828, stack(0x0000008628100000,0x0000008628200000) (1024K)]
  0x0000019ec01e6870 JavaThread "Unconstrained build operations Thread 66"        [_thread_blocked, id=27252, stack(0x0000008628200000,0x0000008628300000) (1024K)]
  0x0000019ec01e7c20 JavaThread "Unconstrained build operations Thread 67"        [_thread_blocked, id=34216, stack(0x0000008628300000,0x0000008628400000) (1024K)]
  0x0000019ec01e5b50 JavaThread "Unconstrained build operations Thread 68"        [_thread_blocked, id=25132, stack(0x0000008628400000,0x0000008628500000) (1024K)]
  0x0000019ec01e82b0 JavaThread "Unconstrained build operations Thread 69"        [_thread_blocked, id=28924, stack(0x0000008628500000,0x0000008628600000) (1024K)]
=>0x0000019ec38eb8d0 JavaThread "C2 CompilerThread2"         daemon [_thread_in_native, id=32816, stack(0x0000008628600000,0x0000008628700000) (1024K)]
  0x0000019ec01e8940 JavaThread "Unconstrained build operations Thread 70"        [_thread_blocked, id=21720, stack(0x0000008628700000,0x0000008628800000) (1024K)]
  0x0000019ec01e6f00 JavaThread "Unconstrained build operations Thread 71"        [_thread_blocked, id=33892, stack(0x0000008628800000,0x0000008628900000) (1024K)]
  0x0000019ec01e61e0 JavaThread "Unconstrained build operations Thread 72"        [_thread_blocked, id=7068, stack(0x0000008628900000,0x0000008628a00000) (1024K)]
  0x0000019ec01e54c0 JavaThread "Unconstrained build operations Thread 73"        [_thread_blocked, id=432, stack(0x0000008628a00000,0x0000008628b00000) (1024K)]
  0x0000019ec01e7590 JavaThread "Unconstrained build operations Thread 74"        [_thread_blocked, id=9260, stack(0x0000008628b00000,0x0000008628c00000) (1024K)]
  0x0000019ed0ba27c0 JavaThread "Unconstrained build operations Thread 75"        [_thread_blocked, id=23300, stack(0x0000008628c00000,0x0000008628d00000) (1024K)]
  0x0000019ed0ba1410 JavaThread "Unconstrained build operations Thread 76"        [_thread_blocked, id=20516, stack(0x0000008628d00000,0x0000008628e00000) (1024K)]
  0x0000019ed0ba34e0 JavaThread "Unconstrained build operations Thread 77"        [_thread_blocked, id=11888, stack(0x0000008628e00000,0x0000008628f00000) (1024K)]
  0x0000019ed0ba2e50 JavaThread "Unconstrained build operations Thread 78"        [_thread_blocked, id=14608, stack(0x0000008628f00000,0x0000008629000000) (1024K)]
  0x0000019ed0ba0060 JavaThread "Unconstrained build operations Thread 79"        [_thread_blocked, id=13076, stack(0x0000008629000000,0x0000008629100000) (1024K)]
  0x0000019ec6bfa2d0 JavaThread "Unconstrained build operations Thread 80"        [_thread_blocked, id=30284, stack(0x0000008629100000,0x0000008629200000) (1024K)]
  0x0000019ec6bfaff0 JavaThread "Unconstrained build operations Thread 81"        [_thread_blocked, id=11924, stack(0x0000008629200000,0x0000008629300000) (1024K)]
  0x0000019ec6bfb680 JavaThread "Unconstrained build operations Thread 82"        [_thread_blocked, id=32024, stack(0x0000008629300000,0x0000008629400000) (1024K)]
  0x0000019ec6bfbd10 JavaThread "Unconstrained build operations Thread 83"        [_thread_blocked, id=4876, stack(0x0000008629400000,0x0000008629500000) (1024K)]
  0x0000019ec6bfc3a0 JavaThread "Unconstrained build operations Thread 84"        [_thread_blocked, id=13920, stack(0x0000008629500000,0x0000008629600000) (1024K)]
  0x0000019ec6bfca30 JavaThread "Unconstrained build operations Thread 85"        [_thread_blocked, id=4468, stack(0x0000008629600000,0x0000008629700000) (1024K)]
  0x0000019ec6bf95b0 JavaThread "Unconstrained build operations Thread 86"        [_thread_blocked, id=23372, stack(0x0000008629700000,0x0000008629800000) (1024K)]
  0x0000019ec80455f0 JavaThread "Unconstrained build operations Thread 87"        [_thread_blocked, id=23776, stack(0x0000008629800000,0x0000008629900000) (1024K)]
  0x0000019ec8046310 JavaThread "Unconstrained build operations Thread 88"        [_thread_blocked, id=27468, stack(0x0000008629900000,0x0000008629a00000) (1024K)]
  0x0000019ec8042e90 JavaThread "Unconstrained build operations Thread 89"        [_thread_blocked, id=30460, stack(0x0000008629a00000,0x0000008629b00000) (1024K)]
  0x0000019ec8043520 JavaThread "Unconstrained build operations Thread 90"        [_thread_blocked, id=7076, stack(0x0000008629b00000,0x0000008629c00000) (1024K)]
  0x0000019ec8043bb0 JavaThread "Unconstrained build operations Thread 91"        [_thread_blocked, id=27304, stack(0x0000008629c00000,0x0000008629d00000) (1024K)]
  0x0000019ec8044240 JavaThread "Unconstrained build operations Thread 92"        [_thread_blocked, id=32516, stack(0x0000008629d00000,0x0000008629e00000) (1024K)]
  0x0000019ec80448d0 JavaThread "Unconstrained build operations Thread 93"        [_thread_blocked, id=2392, stack(0x0000008629e00000,0x0000008629f00000) (1024K)]
  0x0000019ec8044f60 JavaThread "Unconstrained build operations Thread 94"        [_thread_blocked, id=34020, stack(0x0000008629f00000,0x000000862a000000) (1024K)]
  0x0000019ec604d970 JavaThread "Unconstrained build operations Thread 95"        [_thread_blocked, id=25964, stack(0x000000862a000000,0x000000862a100000) (1024K)]
  0x0000019ec604ed20 JavaThread "Unconstrained build operations Thread 96"        [_thread_blocked, id=21492, stack(0x000000862a100000,0x000000862a200000) (1024K)]
  0x0000019ec60500d0 JavaThread "Unconstrained build operations Thread 97"        [_thread_blocked, id=23420, stack(0x000000862a300000,0x000000862a400000) (1024K)]
  0x0000019ec604e000 JavaThread "Unconstrained build operations Thread 98"        [_thread_blocked, id=17476, stack(0x000000862a400000,0x000000862a500000) (1024K)]
  0x0000019ec6050760 JavaThread "Unconstrained build operations Thread 99"        [_thread_blocked, id=9796, stack(0x000000862a500000,0x000000862a600000) (1024K)]
  0x0000019ecf2106a0 JavaThread "Unconstrained build operations Thread 100"        [_thread_blocked, id=31284, stack(0x000000862a600000,0x000000862a700000) (1024K)]
  0x0000019ecf212770 JavaThread "Unconstrained build operations Thread 101"        [_thread_blocked, id=2100, stack(0x000000862a700000,0x000000862a800000) (1024K)]
  0x0000019ecf212e00 JavaThread "Unconstrained build operations Thread 102"        [_thread_blocked, id=14668, stack(0x000000862a800000,0x000000862a900000) (1024K)]
  0x0000019ecf210d30 JavaThread "Unconstrained build operations Thread 103"        [_thread_blocked, id=3860, stack(0x000000862a900000,0x000000862aa00000) (1024K)]
  0x0000019ed0ba2130 JavaThread "Unconstrained build operations Thread 104"        [_thread_blocked, id=20972, stack(0x000000862aa00000,0x000000862ab00000) (1024K)]
  0x0000019ed0ba1aa0 JavaThread "Unconstrained build operations Thread 105"        [_thread_blocked, id=25716, stack(0x000000862ab00000,0x000000862ac00000) (1024K)]
  0x0000019ed0ba06f0 JavaThread "Unconstrained build operations Thread 106"        [_thread_blocked, id=33088, stack(0x000000862ac00000,0x000000862ad00000) (1024K)]
  0x0000019ec65d9880 JavaThread "Unconstrained build operations Thread 107"        [_thread_blocked, id=24744, stack(0x000000862ad00000,0x000000862ae00000) (1024K)]
  0x0000019ec65d8b60 JavaThread "Unconstrained build operations Thread 108"        [_thread_blocked, id=13452, stack(0x000000862ae00000,0x000000862af00000) (1024K)]
  0x0000019ec65da5a0 JavaThread "Unconstrained build operations Thread 109"        [_thread_blocked, id=16896, stack(0x000000862af00000,0x000000862b000000) (1024K)]
  0x0000019ec01f26e0 JavaThread "build event listener"              [_thread_blocked, id=16172, stack(0x000000862b000000,0x000000862b100000) (1024K)]
  0x0000019ec01f2d70 JavaThread "Unconstrained build operations Thread 110"        [_thread_blocked, id=20696, stack(0x000000862b100000,0x000000862b200000) (1024K)]
  0x0000019ec01f3400 JavaThread "Unconstrained build operations Thread 111"        [_thread_blocked, id=29768, stack(0x000000862b200000,0x000000862b300000) (1024K)]
  0x0000019ec01f3a90 JavaThread "Unconstrained build operations Thread 112"        [_thread_blocked, id=17760, stack(0x000000862b300000,0x000000862b400000) (1024K)]
  0x0000019ec01f0ca0 JavaThread "Unconstrained build operations Thread 113"        [_thread_blocked, id=13984, stack(0x000000862b400000,0x000000862b500000) (1024K)]
  0x0000019ec080c380 JavaThread "Unconstrained build operations Thread 114"        [_thread_blocked, id=20308, stack(0x000000862b500000,0x000000862b600000) (1024K)]
  0x0000019ec080ca10 JavaThread "Unconstrained build operations Thread 115"        [_thread_blocked, id=22308, stack(0x000000862b600000,0x000000862b700000) (1024K)]
  0x0000019ec080afd0 JavaThread "Unconstrained build operations Thread 116"        [_thread_blocked, id=7732, stack(0x000000862b700000,0x000000862b800000) (1024K)]
  0x0000019ec080d0a0 JavaThread "Unconstrained build operations Thread 117"        [_thread_blocked, id=4364, stack(0x000000862b800000,0x000000862b900000) (1024K)]
  0x0000019ec080e450 JavaThread "Unconstrained build operations Thread 118"        [_thread_blocked, id=22168, stack(0x000000862b900000,0x000000862ba00000) (1024K)]
  0x0000019ec080b660 JavaThread "Unconstrained build operations Thread 119"        [_thread_blocked, id=12412, stack(0x000000862ba00000,0x000000862bb00000) (1024K)]
  0x0000019ec080bcf0 JavaThread "Unconstrained build operations Thread 120"        [_thread_blocked, id=16244, stack(0x000000862bb00000,0x000000862bc00000) (1024K)]
  0x0000019ec080d730 JavaThread "Unconstrained build operations Thread 121"        [_thread_blocked, id=3348, stack(0x000000862bc00000,0x000000862bd00000) (1024K)]
  0x0000019ec7ce3cc0 JavaThread "Unconstrained build operations Thread 122"        [_thread_blocked, id=12144, stack(0x000000862bd00000,0x000000862be00000) (1024K)]
  0x0000019ec7ce5d90 JavaThread "Unconstrained build operations Thread 123"        [_thread_blocked, id=26172, stack(0x000000862be00000,0x000000862bf00000) (1024K)]
  0x0000019ec7ce4350 JavaThread "Unconstrained build operations Thread 124"        [_thread_blocked, id=30964, stack(0x000000862bf00000,0x000000862c000000) (1024K)]
  0x0000019ec38e8250 JavaThread "C2 CompilerThread3"         daemon [_thread_in_native, id=10448, stack(0x000000862c000000,0x000000862c100000) (1024K)]
  0x0000019ec7ce6420 JavaThread "Unconstrained build operations Thread 125"        [_thread_blocked, id=17132, stack(0x000000862c100000,0x000000862c200000) (1024K)]
  0x0000019ec7ce2fa0 JavaThread "Unconstrained build operations Thread 126"        [_thread_blocked, id=19296, stack(0x000000862c200000,0x000000862c300000) (1024K)]
  0x0000019ec7ce5070 JavaThread "Unconstrained build operations Thread 127"        [_thread_blocked, id=14892, stack(0x000000862c300000,0x000000862c400000) (1024K)]
  0x0000019ec7ce5700 JavaThread "Unconstrained build operations Thread 128"        [_thread_blocked, id=1104, stack(0x000000862c700000,0x000000862c800000) (1024K)]
  0x0000019ec7ce49e0 JavaThread "Unconstrained build operations Thread 129"        [_thread_blocked, id=31404, stack(0x000000862c800000,0x000000862c900000) (1024K)]
  0x0000019ec7ce3630 JavaThread "Unconstrained build operations Thread 130"        [_thread_blocked, id=29504, stack(0x000000862c900000,0x000000862ca00000) (1024K)]
  0x0000019ec080ddc0 JavaThread "Unconstrained build operations Thread 131"        [_thread_blocked, id=21784, stack(0x000000862ca00000,0x000000862cb00000) (1024K)]
  0x0000019ec35aab90 JavaThread "Unconstrained build operations Thread 132"        [_thread_blocked, id=23804, stack(0x000000862cb00000,0x000000862cc00000) (1024K)]
  0x0000019ec35ab220 JavaThread "Unconstrained build operations Thread 133"        [_thread_blocked, id=16796, stack(0x000000862cc00000,0x000000862cd00000) (1024K)]
  0x0000019ec35ab8b0 JavaThread "Unconstrained build operations Thread 134"        [_thread_blocked, id=2804, stack(0x000000862cd00000,0x000000862ce00000) (1024K)]
  0x0000019ec35abf40 JavaThread "Unconstrained build operations Thread 135"        [_thread_blocked, id=23084, stack(0x000000862ce00000,0x000000862cf00000) (1024K)]
  0x0000019ec35a9150 JavaThread "Unconstrained build operations Thread 136"        [_thread_blocked, id=10720, stack(0x000000862cf00000,0x000000862d000000) (1024K)]
  0x0000019ec35a9e70 JavaThread "Unconstrained build operations Thread 137"        [_thread_blocked, id=24436, stack(0x000000862d000000,0x000000862d100000) (1024K)]
  0x0000019ec35a8ac0 JavaThread "Unconstrained build operations Thread 138"        [_thread_blocked, id=22992, stack(0x000000862d100000,0x000000862d200000) (1024K)]
  0x0000019ec35a97e0 JavaThread "Unconstrained build operations Thread 139"        [_thread_blocked, id=19492, stack(0x000000862d200000,0x000000862d300000) (1024K)]
  0x0000019ec42763e0 JavaThread "Unconstrained build operations Thread 140"        [_thread_blocked, id=27632, stack(0x000000862d400000,0x000000862d500000) (1024K)]
  0x0000019ec69ea940 JavaThread "C2 CompilerThread4"         daemon [_thread_blocked, id=22152, stack(0x000000862d300000,0x000000862d400000) (1024K)]
  0x0000019ec42749a0 JavaThread "Unconstrained build operations Thread 141"        [_thread_blocked, id=9028, stack(0x000000862d500000,0x000000862d600000) (1024K)]
  0x0000019ec4274310 JavaThread "Unconstrained build operations Thread 142"        [_thread_blocked, id=31276, stack(0x000000862d600000,0x000000862d700000) (1024K)]
  0x0000019ec42756c0 JavaThread "Unconstrained build operations Thread 143"        [_thread_blocked, id=17580, stack(0x000000862d700000,0x000000862d800000) (1024K)]
  0x0000019ed05731c0 JavaThread "Unconstrained build operations Thread 144"        [_thread_blocked, id=26980, stack(0x000000862d800000,0x000000862d900000) (1024K)]
  0x0000019ed0574570 JavaThread "Unconstrained build operations Thread 145"        [_thread_blocked, id=13600, stack(0x000000862d900000,0x000000862da00000) (1024K)]
  0x0000019ed0571780 JavaThread "Unconstrained build operations Thread 146"        [_thread_blocked, id=31012, stack(0x000000862da00000,0x000000862db00000) (1024K)]
  0x0000019ed0571e10 JavaThread "Unconstrained build operations Thread 147"        [_thread_blocked, id=23984, stack(0x000000862db00000,0x000000862dc00000) (1024K)]
  0x0000019ed05724a0 JavaThread "Unconstrained build operations Thread 148"        [_thread_blocked, id=34576, stack(0x000000862dc00000,0x000000862dd00000) (1024K)]
  0x0000019ed0572b30 JavaThread "Unconstrained build operations Thread 149"        [_thread_blocked, id=19952, stack(0x000000862dd00000,0x000000862de00000) (1024K)]
  0x0000019ed0573850 JavaThread "Unconstrained build operations Thread 150"        [_thread_blocked, id=3068, stack(0x000000862de00000,0x000000862df00000) (1024K)]
  0x0000019ed0573ee0 JavaThread "Unconstrained build operations Thread 151"        [_thread_blocked, id=13704, stack(0x000000862df00000,0x000000862e000000) (1024K)]
  0x0000019ed05710f0 JavaThread "Unconstrained build operations Thread 152"        [_thread_blocked, id=25248, stack(0x000000862e000000,0x000000862e100000) (1024K)]
  0x0000019ed17e4fc0 JavaThread "Unconstrained build operations Thread 153"        [_thread_blocked, id=25388, stack(0x000000862e100000,0x000000862e200000) (1024K)]
  0x0000019ed17e5650 JavaThread "Unconstrained build operations Thread 154"        [_thread_blocked, id=34172, stack(0x000000862e200000,0x000000862e300000) (1024K)]
Total: 240

Other Threads:
  0x0000019e9fbcc400 VMThread "VM Thread"                           [id=5300, stack(0x000000861f400000,0x000000861f500000) (1024K)]
  0x0000019e9fbb4a30 WatcherThread "VM Periodic Task Thread"        [id=24136, stack(0x000000861f300000,0x000000861f400000) (1024K)]
  0x0000019e80989d30 WorkerThread "GC Thread#0"                     [id=32676, stack(0x000000861ee00000,0x000000861ef00000) (1024K)]
  0x0000019ebb91b3d0 WorkerThread "GC Thread#1"                     [id=17928, stack(0x0000008620300000,0x0000008620400000) (1024K)]
  0x0000019ebb88ad00 WorkerThread "GC Thread#2"                     [id=10468, stack(0x0000008620400000,0x0000008620500000) (1024K)]
  0x0000019ebb5bc530 WorkerThread "GC Thread#3"                     [id=14236, stack(0x0000008620500000,0x0000008620600000) (1024K)]
  0x0000019ebb72a4e0 WorkerThread "GC Thread#4"                     [id=31888, stack(0x0000008620600000,0x0000008620700000) (1024K)]
  0x0000019ebb923900 WorkerThread "GC Thread#5"                     [id=32644, stack(0x0000008620700000,0x0000008620800000) (1024K)]
  0x0000019ec130bc00 WorkerThread "GC Thread#6"                     [id=5796, stack(0x0000008620a00000,0x0000008620b00000) (1024K)]
  0x0000019ec130bfa0 WorkerThread "GC Thread#7"                     [id=28180, stack(0x0000008620b00000,0x0000008620c00000) (1024K)]
  0x0000019ec130cad0 WorkerThread "GC Thread#8"                     [id=14996, stack(0x0000008620c00000,0x0000008620d00000) (1024K)]
  0x0000019ec130c390 WorkerThread "GC Thread#9"                     [id=27688, stack(0x0000008621a00000,0x0000008621b00000) (1024K)]
  0x0000019ec130c730 WorkerThread "GC Thread#10"                    [id=33052, stack(0x0000008621b00000,0x0000008621c00000) (1024K)]
  0x0000019ec40f9c10 WorkerThread "GC Thread#11"                    [id=28612, stack(0x0000008621c00000,0x0000008621d00000) (1024K)]
  0x0000019ec40f8d90 WorkerThread "GC Thread#12"                    [id=32980, stack(0x0000008621d00000,0x0000008621e00000) (1024K)]
  0x0000019e8099cab0 ConcurrentGCThread "G1 Main Marker"            [id=19428, stack(0x000000861ef00000,0x000000861f000000) (1024K)]
  0x0000019e8099dc60 WorkerThread "G1 Conc#0"                       [id=19092, stack(0x000000861f000000,0x000000861f100000) (1024K)]
  0x0000019ec40fa350 WorkerThread "G1 Conc#1"                       [id=20364, stack(0x0000008621e00000,0x0000008621f00000) (1024K)]
  0x0000019ec40f82b0 WorkerThread "G1 Conc#2"                       [id=16192, stack(0x0000008621f00000,0x0000008622000000) (1024K)]
  0x0000019e9fb06730 ConcurrentGCThread "G1 Refine#0"               [id=9720, stack(0x000000861f100000,0x000000861f200000) (1024K)]
  0x0000019e9fb06f50 ConcurrentGCThread "G1 Service"                [id=29888, stack(0x000000861f200000,0x000000861f300000) (1024K)]
Total: 21

Threads with active compile tasks:
C2 CompilerThread0  9427972 27041       4       org.gradle.api.internal.DefaultNamedDomainObjectCollection::addLater (54 bytes)
C2 CompilerThread1  9427972 27068 %     4       groovy.lang.MetaClassImpl::populateMethods @ 128 (401 bytes)
C2 CompilerThread2  9427972 26967       4       org.gradle.api.internal.artifacts.ivyservice.resolveengine.result.StreamingResolutionResultBuilder::visitNode (42 bytes)
C2 CompilerThread3  9427973 27078       4       org.gradle.api.internal.collections.AbstractIterationOrderRetainingElementSource$RealizedElementCollectionIterator::<init> (55 bytes)
C2 CompilerThread4  9427973 27082       4       org.jetbrains.kotlin.util.capitalizeDecapitalize.CapitalizeDecapitalizeKt::capitalizeAsciiOnly (98 bytes)
Total: 5

VM state: not at safepoint (normal execution)

VM Mutex/Monitor currently owned by a thread: None

Heap address: 0x0000000080000000, size: 2048 MB, Compressed Oops mode: 32-bit

CDS archive(s) mapped at: [0x0000019ea0000000-0x0000019ea0c90000-0x0000019ea0c90000), size 13172736, SharedBaseAddress: 0x0000019ea0000000, ArchiveRelocationMode: 1.
Compressed class space mapped at: 0x0000019ea1000000-0x0000019ebb000000, reserved size: 436207616
Narrow klass base: 0x0000019ea0000000, Narrow klass shift: 0, Narrow klass range: 0x100000000

GC Precious Log:
 CardTable entry size: 512
 Card Set container configuration: InlinePtr #cards 5 size 8 Array Of Cards #cards 12 size 40 Howl #buckets 4 coarsen threshold 1843 Howl Bitmap #cards 512 size 80 coarsen threshold 460 Card regions per heap region 1 cards per card region 2048
 CPUs: 16 total, 16 available
 Memory: 16307M
 Large Page Support: Disabled
 NUMA Support: Disabled
 Compressed Oops: Enabled (32-bit)
 Heap Region Size: 1M
 Heap Min Capacity: 8M
 Heap Initial Capacity: 256M
 Heap Max Capacity: 2G
 Pre-touch: Disabled
 Parallel Workers: 13
 Concurrent Workers: 3
 Concurrent Refinement Workers: 13
 Periodic GC: Disabled

Heap:
 garbage-first heap   total 583680K, used 480705K [0x0000000080000000, 0x0000000100000000)
  region size 1024K, 165 young (168960K), 15 survivors (15360K)
 Metaspace       used 126245K, committed 132352K, reserved 557056K
  class space    used 16696K, committed 18944K, reserved 425984K

Heap Regions: E=young(eden), S=young(survivor), O=old, HS=humongous(starts), HC=humongous(continues), CS=collection set, F=free, TAMS=top-at-mark-start, PB=parsable bottom
|   0|0x0000000080000000, 0x0000000080100000, 0x0000000080100000|100%| O|  |TAMS 0x0000000080000000| PB 0x0000000080000000| Untracked 
|   1|0x0000000080100000, 0x0000000080200000, 0x0000000080200000|100%| O|  |TAMS 0x0000000080100000| PB 0x0000000080100000| Untracked 
|   2|0x0000000080200000, 0x0000000080300000, 0x0000000080300000|100%|HS|  |TAMS 0x0000000080200000| PB 0x0000000080200000| Complete 
|   3|0x0000000080300000, 0x0000000080400000, 0x0000000080400000|100%|HC|  |TAMS 0x0000000080300000| PB 0x0000000080300000| Complete 
|   4|0x0000000080400000, 0x0000000080500000, 0x0000000080500000|100%|HC|  |TAMS 0x0000000080400000| PB 0x0000000080400000| Complete 
|   5|0x0000000080500000, 0x0000000080600000, 0x0000000080600000|100%|HC|  |TAMS 0x0000000080500000| PB 0x0000000080500000| Complete 
|   6|0x0000000080600000, 0x0000000080700000, 0x0000000080700000|100%| O|  |TAMS 0x0000000080600000| PB 0x0000000080600000| Untracked 
|   7|0x0000000080700000, 0x0000000080800000, 0x0000000080800000|100%| O|  |TAMS 0x0000000080700000| PB 0x0000000080700000| Untracked 
|   8|0x0000000080800000, 0x0000000080900000, 0x0000000080900000|100%|HS|  |TAMS 0x0000000080800000| PB 0x0000000080800000| Complete 
|   9|0x0000000080900000, 0x0000000080a00000, 0x0000000080a00000|100%| O|  |TAMS 0x0000000080900000| PB 0x0000000080900000| Untracked 
|  10|0x0000000080a00000, 0x0000000080b00000, 0x0000000080b00000|100%| O|  |TAMS 0x0000000080a00000| PB 0x0000000080a00000| Untracked 
|  11|0x0000000080b00000, 0x0000000080c00000, 0x0000000080c00000|100%| O|  |TAMS 0x0000000080b00000| PB 0x0000000080b00000| Untracked 
|  12|0x0000000080c00000, 0x0000000080d00000, 0x0000000080d00000|100%| O|  |TAMS 0x0000000080c00000| PB 0x0000000080c00000| Untracked 
|  13|0x0000000080d00000, 0x0000000080e00000, 0x0000000080e00000|100%| O|  |TAMS 0x0000000080d00000| PB 0x0000000080d00000| Untracked 
|  14|0x0000000080e00000, 0x0000000080f00000, 0x0000000080f00000|100%| O|  |TAMS 0x0000000080e00000| PB 0x0000000080e00000| Untracked 
|  15|0x0000000080f00000, 0x0000000081000000, 0x0000000081000000|100%| O|  |TAMS 0x0000000080f00000| PB 0x0000000080f00000| Untracked 
|  16|0x0000000081000000, 0x0000000081100000, 0x0000000081100000|100%| O|  |TAMS 0x0000000081000000| PB 0x0000000081000000| Untracked 
|  17|0x0000000081100000, 0x0000000081200000, 0x0000000081200000|100%| O|  |TAMS 0x0000000081100000| PB 0x0000000081100000| Untracked 
|  18|0x0000000081200000, 0x0000000081300000, 0x0000000081300000|100%| O|  |TAMS 0x0000000081200000| PB 0x0000000081200000| Untracked 
|  19|0x0000000081300000, 0x0000000081400000, 0x0000000081400000|100%| O|  |TAMS 0x0000000081300000| PB 0x0000000081300000| Untracked 
|  20|0x0000000081400000, 0x0000000081500000, 0x0000000081500000|100%| O|  |TAMS 0x0000000081400000| PB 0x0000000081400000| Untracked 
|  21|0x0000000081500000, 0x0000000081600000, 0x0000000081600000|100%| O|  |TAMS 0x0000000081500000| PB 0x0000000081500000| Untracked 
|  22|0x0000000081600000, 0x0000000081700000, 0x0000000081700000|100%| O|  |TAMS 0x0000000081600000| PB 0x0000000081600000| Untracked 
|  23|0x0000000081700000, 0x0000000081800000, 0x0000000081800000|100%| O|  |TAMS 0x0000000081700000| PB 0x0000000081700000| Untracked 
|  24|0x0000000081800000, 0x0000000081900000, 0x0000000081900000|100%| O|  |TAMS 0x0000000081800000| PB 0x0000000081800000| Untracked 
|  25|0x0000000081900000, 0x0000000081a00000, 0x0000000081a00000|100%| O|  |TAMS 0x0000000081900000| PB 0x0000000081900000| Untracked 
|  26|0x0000000081a00000, 0x0000000081b00000, 0x0000000081b00000|100%| O|  |TAMS 0x0000000081a00000| PB 0x0000000081a00000| Untracked 
|  27|0x0000000081b00000, 0x0000000081c00000, 0x0000000081c00000|100%| O|  |TAMS 0x0000000081b00000| PB 0x0000000081b00000| Untracked 
|  28|0x0000000081c00000, 0x0000000081d00000, 0x0000000081d00000|100%| O|  |TAMS 0x0000000081c00000| PB 0x0000000081c00000| Untracked 
|  29|0x0000000081d00000, 0x0000000081e00000, 0x0000000081e00000|100%| O|  |TAMS 0x0000000081d00000| PB 0x0000000081d00000| Untracked 
|  30|0x0000000081e00000, 0x0000000081f00000, 0x0000000081f00000|100%| O|  |TAMS 0x0000000081e00000| PB 0x0000000081e00000| Untracked 
|  31|0x0000000081f00000, 0x0000000082000000, 0x0000000082000000|100%| O|  |TAMS 0x0000000081f00000| PB 0x0000000081f00000| Untracked 
|  32|0x0000000082000000, 0x0000000082100000, 0x0000000082100000|100%| O|  |TAMS 0x0000000082000000| PB 0x0000000082000000| Untracked 
|  33|0x0000000082100000, 0x0000000082200000, 0x0000000082200000|100%| O|  |TAMS 0x0000000082100000| PB 0x0000000082100000| Untracked 
|  34|0x0000000082200000, 0x0000000082300000, 0x0000000082300000|100%| O|  |TAMS 0x0000000082200000| PB 0x0000000082200000| Untracked 
|  35|0x0000000082300000, 0x0000000082400000, 0x0000000082400000|100%| O|  |TAMS 0x0000000082300000| PB 0x0000000082300000| Untracked 
|  36|0x0000000082400000, 0x0000000082500000, 0x0000000082500000|100%| O|  |TAMS 0x0000000082400000| PB 0x0000000082400000| Untracked 
|  37|0x0000000082500000, 0x0000000082600000, 0x0000000082600000|100%| O|  |TAMS 0x0000000082500000| PB 0x0000000082500000| Untracked 
|  38|0x0000000082600000, 0x0000000082700000, 0x0000000082700000|100%|HS|  |TAMS 0x0000000082600000| PB 0x0000000082600000| Complete 
|  39|0x0000000082700000, 0x0000000082800000, 0x0000000082800000|100%| O|  |TAMS 0x0000000082700000| PB 0x0000000082700000| Untracked 
|  40|0x0000000082800000, 0x0000000082900000, 0x0000000082900000|100%| O|  |TAMS 0x0000000082800000| PB 0x0000000082800000| Untracked 
|  41|0x0000000082900000, 0x0000000082a00000, 0x0000000082a00000|100%| O|  |TAMS 0x0000000082900000| PB 0x0000000082900000| Untracked 
|  42|0x0000000082a00000, 0x0000000082b00000, 0x0000000082b00000|100%|HS|  |TAMS 0x0000000082a00000| PB 0x0000000082a00000| Complete 
|  43|0x0000000082b00000, 0x0000000082c00000, 0x0000000082c00000|100%|HC|  |TAMS 0x0000000082b00000| PB 0x0000000082b00000| Complete 
|  44|0x0000000082c00000, 0x0000000082d00000, 0x0000000082d00000|100%|HS|  |TAMS 0x0000000082c00000| PB 0x0000000082c00000| Complete 
|  45|0x0000000082d00000, 0x0000000082e00000, 0x0000000082e00000|100%|HC|  |TAMS 0x0000000082d00000| PB 0x0000000082d00000| Complete 
|  46|0x0000000082e00000, 0x0000000082f00000, 0x0000000082f00000|100%|HS|  |TAMS 0x0000000082e00000| PB 0x0000000082e00000| Complete 
|  47|0x0000000082f00000, 0x0000000083000000, 0x0000000083000000|100%|HC|  |TAMS 0x0000000082f00000| PB 0x0000000082f00000| Complete 
|  48|0x0000000083000000, 0x0000000083100000, 0x0000000083100000|100%|HC|  |TAMS 0x0000000083000000| PB 0x0000000083000000| Complete 
|  49|0x0000000083100000, 0x0000000083200000, 0x0000000083200000|100%|HC|  |TAMS 0x0000000083100000| PB 0x0000000083100000| Complete 
|  50|0x0000000083200000, 0x0000000083300000, 0x0000000083300000|100%|HS|  |TAMS 0x0000000083200000| PB 0x0000000083200000| Complete 
|  51|0x0000000083300000, 0x0000000083400000, 0x0000000083400000|100%|HC|  |TAMS 0x0000000083300000| PB 0x0000000083300000| Complete 
|  52|0x0000000083400000, 0x0000000083500000, 0x0000000083500000|100%|HC|  |TAMS 0x0000000083400000| PB 0x0000000083400000| Complete 
|  53|0x0000000083500000, 0x0000000083600000, 0x0000000083600000|100%|HC|  |TAMS 0x0000000083500000| PB 0x0000000083500000| Complete 
|  54|0x0000000083600000, 0x0000000083700000, 0x0000000083700000|100%| O|  |TAMS 0x0000000083600000| PB 0x0000000083600000| Untracked 
|  55|0x0000000083700000, 0x0000000083800000, 0x0000000083800000|100%| O|  |TAMS 0x0000000083700000| PB 0x0000000083700000| Untracked 
|  56|0x0000000083800000, 0x0000000083900000, 0x0000000083900000|100%| O|  |TAMS 0x0000000083800000| PB 0x0000000083800000| Untracked 
|  57|0x0000000083900000, 0x0000000083a00000, 0x0000000083a00000|100%| O|  |TAMS 0x0000000083900000| PB 0x0000000083900000| Untracked 
|  58|0x0000000083a00000, 0x0000000083b00000, 0x0000000083b00000|100%| O|  |TAMS 0x0000000083a00000| PB 0x0000000083a00000| Untracked 
|  59|0x0000000083b00000, 0x0000000083c00000, 0x0000000083c00000|100%| O|  |TAMS 0x0000000083b00000| PB 0x0000000083b00000| Untracked 
|  60|0x0000000083c00000, 0x0000000083d00000, 0x0000000083d00000|100%| O|  |TAMS 0x0000000083c00000| PB 0x0000000083c00000| Untracked 
|  61|0x0000000083d00000, 0x0000000083e00000, 0x0000000083e00000|100%| O|  |TAMS 0x0000000083d00000| PB 0x0000000083d00000| Untracked 
|  62|0x0000000083e00000, 0x0000000083f00000, 0x0000000083f00000|100%| O|  |TAMS 0x0000000083e00000| PB 0x0000000083e00000| Untracked 
|  63|0x0000000083f00000, 0x0000000084000000, 0x0000000084000000|100%|HS|  |TAMS 0x0000000083f00000| PB 0x0000000083f00000| Complete 
|  64|0x0000000084000000, 0x0000000084100000, 0x0000000084100000|100%| O|  |TAMS 0x0000000084000000| PB 0x0000000084000000| Untracked 
|  65|0x0000000084100000, 0x0000000084200000, 0x0000000084200000|100%| O|  |TAMS 0x0000000084100000| PB 0x0000000084100000| Untracked 
|  66|0x0000000084200000, 0x0000000084300000, 0x0000000084300000|100%| O|  |TAMS 0x0000000084200000| PB 0x0000000084200000| Untracked 
|  67|0x0000000084300000, 0x0000000084400000, 0x0000000084400000|100%| O|  |TAMS 0x0000000084300000| PB 0x0000000084300000| Untracked 
|  68|0x0000000084400000, 0x0000000084500000, 0x0000000084500000|100%| O|  |TAMS 0x0000000084400000| PB 0x0000000084400000| Untracked 
|  69|0x0000000084500000, 0x0000000084600000, 0x0000000084600000|100%| O|Cm|TAMS 0x0000000084500000| PB 0x0000000084500000| Complete 
|  70|0x0000000084600000, 0x0000000084700000, 0x0000000084700000|100%| O|  |TAMS 0x0000000084600000| PB 0x0000000084600000| Untracked 
|  71|0x0000000084700000, 0x0000000084800000, 0x0000000084800000|100%| O|  |TAMS 0x0000000084700000| PB 0x0000000084700000| Untracked 
|  72|0x0000000084800000, 0x0000000084900000, 0x0000000084900000|100%| O|  |TAMS 0x0000000084800000| PB 0x0000000084800000| Untracked 
|  73|0x0000000084900000, 0x0000000084a00000, 0x0000000084a00000|100%| O|  |TAMS 0x0000000084900000| PB 0x0000000084900000| Untracked 
|  74|0x0000000084a00000, 0x0000000084b00000, 0x0000000084b00000|100%|HS|  |TAMS 0x0000000084a00000| PB 0x0000000084a00000| Complete 
|  75|0x0000000084b00000, 0x0000000084c00000, 0x0000000084c00000|100%|HS|  |TAMS 0x0000000084b00000| PB 0x0000000084b00000| Complete 
|  76|0x0000000084c00000, 0x0000000084d00000, 0x0000000084d00000|100%|HS|  |TAMS 0x0000000084c00000| PB 0x0000000084c00000| Complete 
|  77|0x0000000084d00000, 0x0000000084e00000, 0x0000000084e00000|100%|HS|  |TAMS 0x0000000084d00000| PB 0x0000000084d00000| Complete 
|  78|0x0000000084e00000, 0x0000000084f00000, 0x0000000084f00000|100%| O|  |TAMS 0x0000000084e00000| PB 0x0000000084e00000| Untracked 
|  79|0x0000000084f00000, 0x0000000085000000, 0x0000000085000000|100%|HS|  |TAMS 0x0000000084f00000| PB 0x0000000084f00000| Complete 
|  80|0x0000000085000000, 0x0000000085100000, 0x0000000085100000|100%|HS|  |TAMS 0x0000000085000000| PB 0x0000000085000000| Complete 
|  81|0x0000000085100000, 0x0000000085200000, 0x0000000085200000|100%| O|  |TAMS 0x0000000085100000| PB 0x0000000085100000| Untracked 
|  82|0x0000000085200000, 0x0000000085300000, 0x0000000085300000|100%| O|  |TAMS 0x0000000085200000| PB 0x0000000085200000| Untracked 
|  83|0x0000000085300000, 0x0000000085400000, 0x0000000085400000|100%| O|  |TAMS 0x0000000085300000| PB 0x0000000085300000| Untracked 
|  84|0x0000000085400000, 0x0000000085500000, 0x0000000085500000|100%| O|  |TAMS 0x0000000085400000| PB 0x0000000085400000| Untracked 
|  85|0x0000000085500000, 0x0000000085600000, 0x0000000085600000|100%| O|  |TAMS 0x0000000085500000| PB 0x0000000085500000| Untracked 
|  86|0x0000000085600000, 0x0000000085700000, 0x0000000085700000|100%| O|  |TAMS 0x0000000085600000| PB 0x0000000085600000| Untracked 
|  87|0x0000000085700000, 0x0000000085800000, 0x0000000085800000|100%| O|Cm|TAMS 0x0000000085700000| PB 0x0000000085700000| Complete 
|  88|0x0000000085800000, 0x0000000085900000, 0x0000000085900000|100%| O|  |TAMS 0x0000000085800000| PB 0x0000000085800000| Untracked 
|  89|0x0000000085900000, 0x0000000085a00000, 0x0000000085a00000|100%| O|  |TAMS 0x0000000085900000| PB 0x0000000085900000| Untracked 
|  90|0x0000000085a00000, 0x0000000085b00000, 0x0000000085b00000|100%|HS|  |TAMS 0x0000000085a00000| PB 0x0000000085a00000| Complete 
|  91|0x0000000085b00000, 0x0000000085c00000, 0x0000000085c00000|100%|HS|  |TAMS 0x0000000085b00000| PB 0x0000000085b00000| Complete 
|  92|0x0000000085c00000, 0x0000000085d00000, 0x0000000085d00000|100%|HC|  |TAMS 0x0000000085c00000| PB 0x0000000085c00000| Complete 
|  93|0x0000000085d00000, 0x0000000085e00000, 0x0000000085e00000|100%| O|Cm|TAMS 0x0000000085d00000| PB 0x0000000085d00000| Complete 
|  94|0x0000000085e00000, 0x0000000085f00000, 0x0000000085f00000|100%| O|Cm|TAMS 0x0000000085e00000| PB 0x0000000085e00000| Complete 
|  95|0x0000000085f00000, 0x0000000086000000, 0x0000000086000000|100%| O|  |TAMS 0x0000000085f00000| PB 0x0000000085f00000| Untracked 
|  96|0x0000000086000000, 0x0000000086100000, 0x0000000086100000|100%| O|  |TAMS 0x0000000086000000| PB 0x0000000086000000| Untracked 
|  97|0x0000000086100000, 0x0000000086200000, 0x0000000086200000|100%| O|  |TAMS 0x0000000086100000| PB 0x0000000086100000| Untracked 
|  98|0x0000000086200000, 0x0000000086300000, 0x0000000086300000|100%| O|Cm|TAMS 0x0000000086200000| PB 0x0000000086200000| Complete 
|  99|0x0000000086300000, 0x0000000086400000, 0x0000000086400000|100%| O|  |TAMS 0x0000000086300000| PB 0x0000000086300000| Untracked 
| 100|0x0000000086400000, 0x0000000086500000, 0x0000000086500000|100%| O|  |TAMS 0x0000000086400000| PB 0x0000000086400000| Untracked 
| 101|0x0000000086500000, 0x0000000086600000, 0x0000000086600000|100%| O|  |TAMS 0x0000000086500000| PB 0x0000000086500000| Untracked 
| 102|0x0000000086600000, 0x0000000086700000, 0x0000000086700000|100%| O|  |TAMS 0x0000000086600000| PB 0x0000000086600000| Untracked 
| 103|0x0000000086700000, 0x0000000086800000, 0x0000000086800000|100%| O|  |TAMS 0x0000000086700000| PB 0x0000000086700000| Untracked 
| 104|0x0000000086800000, 0x0000000086900000, 0x0000000086900000|100%| O|  |TAMS 0x0000000086800000| PB 0x0000000086800000| Untracked 
| 105|0x0000000086900000, 0x0000000086a00000, 0x0000000086a00000|100%| O|  |TAMS 0x0000000086900000| PB 0x0000000086900000| Untracked 
| 106|0x0000000086a00000, 0x0000000086b00000, 0x0000000086b00000|100%| O|  |TAMS 0x0000000086a00000| PB 0x0000000086a00000| Untracked 
| 107|0x0000000086b00000, 0x0000000086c00000, 0x0000000086c00000|100%| O|  |TAMS 0x0000000086b00000| PB 0x0000000086b00000| Untracked 
| 108|0x0000000086c00000, 0x0000000086d00000, 0x0000000086d00000|100%| O|  |TAMS 0x0000000086c00000| PB 0x0000000086c00000| Untracked 
| 109|0x0000000086d00000, 0x0000000086e00000, 0x0000000086e00000|100%| O|  |TAMS 0x0000000086d00000| PB 0x0000000086d00000| Untracked 
| 110|0x0000000086e00000, 0x0000000086f00000, 0x0000000086f00000|100%| O|  |TAMS 0x0000000086e00000| PB 0x0000000086e00000| Untracked 
| 111|0x0000000086f00000, 0x0000000087000000, 0x0000000087000000|100%| O|  |TAMS 0x0000000086f00000| PB 0x0000000086f00000| Untracked 
| 112|0x0000000087000000, 0x0000000087100000, 0x0000000087100000|100%| O|  |TAMS 0x0000000087000000| PB 0x0000000087000000| Untracked 
| 113|0x0000000087100000, 0x0000000087200000, 0x0000000087200000|100%| O|  |TAMS 0x0000000087100000| PB 0x0000000087100000| Untracked 
| 114|0x0000000087200000, 0x0000000087300000, 0x0000000087300000|100%| O|  |TAMS 0x0000000087200000| PB 0x0000000087200000| Untracked 
| 115|0x0000000087300000, 0x0000000087400000, 0x0000000087400000|100%| O|  |TAMS 0x0000000087300000| PB 0x0000000087300000| Untracked 
| 116|0x0000000087400000, 0x0000000087500000, 0x0000000087500000|100%| O|  |TAMS 0x0000000087400000| PB 0x0000000087400000| Untracked 
| 117|0x0000000087500000, 0x0000000087600000, 0x0000000087600000|100%| O|  |TAMS 0x0000000087500000| PB 0x0000000087500000| Untracked 
| 118|0x0000000087600000, 0x0000000087700000, 0x0000000087700000|100%| O|  |TAMS 0x0000000087600000| PB 0x0000000087600000| Untracked 
| 119|0x0000000087700000, 0x0000000087800000, 0x0000000087800000|100%| O|Cm|TAMS 0x0000000087700000| PB 0x0000000087700000| Complete 
| 120|0x0000000087800000, 0x0000000087900000, 0x0000000087900000|100%| O|  |TAMS 0x0000000087800000| PB 0x0000000087800000| Untracked 
| 121|0x0000000087900000, 0x0000000087a00000, 0x0000000087a00000|100%|HS|  |TAMS 0x0000000087900000| PB 0x0000000087900000| Complete 
| 122|0x0000000087a00000, 0x0000000087b00000, 0x0000000087b00000|100%|HC|  |TAMS 0x0000000087a00000| PB 0x0000000087a00000| Complete 
| 123|0x0000000087b00000, 0x0000000087c00000, 0x0000000087c00000|100%| O|  |TAMS 0x0000000087b00000| PB 0x0000000087b00000| Untracked 
| 124|0x0000000087c00000, 0x0000000087d00000, 0x0000000087d00000|100%| O|  |TAMS 0x0000000087c00000| PB 0x0000000087c00000| Untracked 
| 125|0x0000000087d00000, 0x0000000087e00000, 0x0000000087e00000|100%| O|  |TAMS 0x0000000087d00000| PB 0x0000000087d00000| Untracked 
| 126|0x0000000087e00000, 0x0000000087f00000, 0x0000000087f00000|100%| O|  |TAMS 0x0000000087e00000| PB 0x0000000087e00000| Untracked 
| 127|0x0000000087f00000, 0x0000000088000000, 0x0000000088000000|100%| O|  |TAMS 0x0000000087f00000| PB 0x0000000087f00000| Untracked 
| 128|0x0000000088000000, 0x0000000088100000, 0x0000000088100000|100%| O|  |TAMS 0x0000000088000000| PB 0x0000000088000000| Untracked 
| 129|0x0000000088100000, 0x0000000088200000, 0x0000000088200000|100%| O|  |TAMS 0x0000000088100000| PB 0x0000000088100000| Untracked 
| 130|0x0000000088200000, 0x0000000088300000, 0x0000000088300000|100%| O|  |TAMS 0x0000000088200000| PB 0x0000000088200000| Untracked 
| 131|0x0000000088300000, 0x0000000088400000, 0x0000000088400000|100%| O|  |TAMS 0x0000000088300000| PB 0x0000000088300000| Untracked 
| 132|0x0000000088400000, 0x0000000088500000, 0x0000000088500000|100%| O|  |TAMS 0x0000000088400000| PB 0x0000000088400000| Untracked 
| 133|0x0000000088500000, 0x0000000088600000, 0x0000000088600000|100%| O|  |TAMS 0x0000000088500000| PB 0x0000000088500000| Untracked 
| 134|0x0000000088600000, 0x0000000088700000, 0x0000000088700000|100%| O|  |TAMS 0x0000000088600000| PB 0x0000000088600000| Untracked 
| 135|0x0000000088700000, 0x0000000088800000, 0x0000000088800000|100%| O|  |TAMS 0x0000000088700000| PB 0x0000000088700000| Untracked 
| 136|0x0000000088800000, 0x0000000088900000, 0x0000000088900000|100%| O|  |TAMS 0x0000000088800000| PB 0x0000000088800000| Untracked 
| 137|0x0000000088900000, 0x0000000088a00000, 0x0000000088a00000|100%| O|  |TAMS 0x0000000088900000| PB 0x0000000088900000| Untracked 
| 138|0x0000000088a00000, 0x0000000088b00000, 0x0000000088b00000|100%| O|  |TAMS 0x0000000088a00000| PB 0x0000000088a00000| Untracked 
| 139|0x0000000088b00000, 0x0000000088c00000, 0x0000000088c00000|100%| O|  |TAMS 0x0000000088b00000| PB 0x0000000088b00000| Untracked 
| 140|0x0000000088c00000, 0x0000000088d00000, 0x0000000088d00000|100%| O|  |TAMS 0x0000000088c00000| PB 0x0000000088c00000| Untracked 
| 141|0x0000000088d00000, 0x0000000088e00000, 0x0000000088e00000|100%| O|  |TAMS 0x0000000088d00000| PB 0x0000000088d00000| Untracked 
| 142|0x0000000088e00000, 0x0000000088f00000, 0x0000000088f00000|100%| O|  |TAMS 0x0000000088e00000| PB 0x0000000088e00000| Untracked 
| 143|0x0000000088f00000, 0x0000000089000000, 0x0000000089000000|100%| O|  |TAMS 0x0000000088f00000| PB 0x0000000088f00000| Untracked 
| 144|0x0000000089000000, 0x0000000089100000, 0x0000000089100000|100%| O|  |TAMS 0x0000000089000000| PB 0x0000000089000000| Untracked 
| 145|0x0000000089100000, 0x0000000089200000, 0x0000000089200000|100%| O|  |TAMS 0x0000000089100000| PB 0x0000000089100000| Untracked 
| 146|0x0000000089200000, 0x0000000089300000, 0x0000000089300000|100%| O|  |TAMS 0x0000000089200000| PB 0x0000000089200000| Untracked 
| 147|0x0000000089300000, 0x0000000089400000, 0x0000000089400000|100%| O|  |TAMS 0x0000000089300000| PB 0x0000000089300000| Untracked 
| 148|0x0000000089400000, 0x0000000089500000, 0x0000000089500000|100%| O|  |TAMS 0x0000000089400000| PB 0x0000000089400000| Untracked 
| 149|0x0000000089500000, 0x0000000089600000, 0x0000000089600000|100%| O|  |TAMS 0x0000000089500000| PB 0x0000000089500000| Untracked 
| 150|0x0000000089600000, 0x0000000089700000, 0x0000000089700000|100%| O|Cm|TAMS 0x0000000089600000| PB 0x0000000089600000| Complete 
| 151|0x0000000089700000, 0x0000000089800000, 0x0000000089800000|100%| O|Cm|TAMS 0x0000000089700000| PB 0x0000000089700000| Complete 
| 152|0x0000000089800000, 0x0000000089900000, 0x0000000089900000|100%| O|  |TAMS 0x0000000089800000| PB 0x0000000089800000| Untracked 
| 153|0x0000000089900000, 0x0000000089a00000, 0x0000000089a00000|100%| O|  |TAMS 0x0000000089900000| PB 0x0000000089900000| Untracked 
| 154|0x0000000089a00000, 0x0000000089b00000, 0x0000000089b00000|100%| O|  |TAMS 0x0000000089a00000| PB 0x0000000089a00000| Untracked 
| 155|0x0000000089b00000, 0x0000000089c00000, 0x0000000089c00000|100%| O|  |TAMS 0x0000000089b00000| PB 0x0000000089b00000| Untracked 
| 156|0x0000000089c00000, 0x0000000089d00000, 0x0000000089d00000|100%| O|  |TAMS 0x0000000089c00000| PB 0x0000000089c00000| Untracked 
| 157|0x0000000089d00000, 0x0000000089e00000, 0x0000000089e00000|100%| O|  |TAMS 0x0000000089d00000| PB 0x0000000089d00000| Untracked 
| 158|0x0000000089e00000, 0x0000000089f00000, 0x0000000089f00000|100%| O|  |TAMS 0x0000000089e00000| PB 0x0000000089e00000| Untracked 
| 159|0x0000000089f00000, 0x000000008a000000, 0x000000008a000000|100%| O|  |TAMS 0x0000000089f00000| PB 0x0000000089f00000| Untracked 
| 160|0x000000008a000000, 0x000000008a100000, 0x000000008a100000|100%| O|  |TAMS 0x000000008a000000| PB 0x000000008a000000| Untracked 
| 161|0x000000008a100000, 0x000000008a200000, 0x000000008a200000|100%|HS|  |TAMS 0x000000008a100000| PB 0x000000008a100000| Complete 
| 162|0x000000008a200000, 0x000000008a300000, 0x000000008a300000|100%|HS|  |TAMS 0x000000008a200000| PB 0x000000008a200000| Complete 
| 163|0x000000008a300000, 0x000000008a400000, 0x000000008a400000|100%|HS|  |TAMS 0x000000008a300000| PB 0x000000008a300000| Complete 
| 164|0x000000008a400000, 0x000000008a500000, 0x000000008a500000|100%| O|  |TAMS 0x000000008a400000| PB 0x000000008a400000| Untracked 
| 165|0x000000008a500000, 0x000000008a600000, 0x000000008a600000|100%| O|  |TAMS 0x000000008a500000| PB 0x000000008a500000| Untracked 
| 166|0x000000008a600000, 0x000000008a700000, 0x000000008a700000|100%| O|  |TAMS 0x000000008a600000| PB 0x000000008a600000| Untracked 
| 167|0x000000008a700000, 0x000000008a800000, 0x000000008a800000|100%| O|  |TAMS 0x000000008a700000| PB 0x000000008a700000| Untracked 
| 168|0x000000008a800000, 0x000000008a900000, 0x000000008a900000|100%| O|  |TAMS 0x000000008a800000| PB 0x000000008a800000| Untracked 
| 169|0x000000008a900000, 0x000000008aa00000, 0x000000008aa00000|100%| O|  |TAMS 0x000000008a900000| PB 0x000000008a900000| Untracked 
| 170|0x000000008aa00000, 0x000000008ab00000, 0x000000008ab00000|100%| O|  |TAMS 0x000000008aa00000| PB 0x000000008aa00000| Untracked 
| 171|0x000000008ab00000, 0x000000008ac00000, 0x000000008ac00000|100%| O|  |TAMS 0x000000008ab00000| PB 0x000000008ab00000| Untracked 
| 172|0x000000008ac00000, 0x000000008ad00000, 0x000000008ad00000|100%| O|  |TAMS 0x000000008ac00000| PB 0x000000008ac00000| Untracked 
| 173|0x000000008ad00000, 0x000000008ae00000, 0x000000008ae00000|100%| O|Cm|TAMS 0x000000008ad00000| PB 0x000000008ad00000| Complete 
| 174|0x000000008ae00000, 0x000000008af00000, 0x000000008af00000|100%| O|Cm|TAMS 0x000000008ae00000| PB 0x000000008ae00000| Complete 
| 175|0x000000008af00000, 0x000000008b000000, 0x000000008b000000|100%| O|  |TAMS 0x000000008af00000| PB 0x000000008af00000| Untracked 
| 176|0x000000008b000000, 0x000000008b100000, 0x000000008b100000|100%| O|  |TAMS 0x000000008b000000| PB 0x000000008b000000| Untracked 
| 177|0x000000008b100000, 0x000000008b200000, 0x000000008b200000|100%| O|  |TAMS 0x000000008b100000| PB 0x000000008b100000| Untracked 
| 178|0x000000008b200000, 0x000000008b300000, 0x000000008b300000|100%| O|  |TAMS 0x000000008b200000| PB 0x000000008b200000| Untracked 
| 179|0x000000008b300000, 0x000000008b400000, 0x000000008b400000|100%| O|Cm|TAMS 0x000000008b300000| PB 0x000000008b300000| Complete 
| 180|0x000000008b400000, 0x000000008b500000, 0x000000008b500000|100%| O|  |TAMS 0x000000008b400000| PB 0x000000008b400000| Untracked 
| 181|0x000000008b500000, 0x000000008b600000, 0x000000008b600000|100%| O|  |TAMS 0x000000008b500000| PB 0x000000008b500000| Untracked 
| 182|0x000000008b600000, 0x000000008b700000, 0x000000008b700000|100%| O|Cm|TAMS 0x000000008b600000| PB 0x000000008b600000| Complete 
| 183|0x000000008b700000, 0x000000008b800000, 0x000000008b800000|100%| O|  |TAMS 0x000000008b700000| PB 0x000000008b700000| Untracked 
| 184|0x000000008b800000, 0x000000008b900000, 0x000000008b900000|100%| O|  |TAMS 0x000000008b800000| PB 0x000000008b800000| Untracked 
| 185|0x000000008b900000, 0x000000008ba00000, 0x000000008ba00000|100%| O|  |TAMS 0x000000008b900000| PB 0x000000008b900000| Untracked 
| 186|0x000000008ba00000, 0x000000008bb00000, 0x000000008bb00000|100%| O|  |TAMS 0x000000008ba00000| PB 0x000000008ba00000| Untracked 
| 187|0x000000008bb00000, 0x000000008bc00000, 0x000000008bc00000|100%| O|  |TAMS 0x000000008bb00000| PB 0x000000008bb00000| Untracked 
| 188|0x000000008bc00000, 0x000000008bd00000, 0x000000008bd00000|100%| O|  |TAMS 0x000000008bc00000| PB 0x000000008bc00000| Untracked 
| 189|0x000000008bd00000, 0x000000008be00000, 0x000000008be00000|100%| O|  |TAMS 0x000000008bd00000| PB 0x000000008bd00000| Untracked 
| 190|0x000000008be00000, 0x000000008bf00000, 0x000000008bf00000|100%| O|  |TAMS 0x000000008be00000| PB 0x000000008be00000| Untracked 
| 191|0x000000008bf00000, 0x000000008c000000, 0x000000008c000000|100%| O|  |TAMS 0x000000008bf00000| PB 0x000000008bf00000| Untracked 
| 192|0x000000008c000000, 0x000000008c100000, 0x000000008c100000|100%| O|  |TAMS 0x000000008c000000| PB 0x000000008c000000| Untracked 
| 193|0x000000008c100000, 0x000000008c200000, 0x000000008c200000|100%| O|  |TAMS 0x000000008c100000| PB 0x000000008c100000| Untracked 
| 194|0x000000008c200000, 0x000000008c300000, 0x000000008c300000|100%| O|  |TAMS 0x000000008c200000| PB 0x000000008c200000| Untracked 
| 195|0x000000008c300000, 0x000000008c400000, 0x000000008c400000|100%| O|  |TAMS 0x000000008c300000| PB 0x000000008c300000| Untracked 
| 196|0x000000008c400000, 0x000000008c500000, 0x000000008c500000|100%| O|  |TAMS 0x000000008c400000| PB 0x000000008c400000| Untracked 
| 197|0x000000008c500000, 0x000000008c600000, 0x000000008c600000|100%| O|  |TAMS 0x000000008c500000| PB 0x000000008c500000| Untracked 
| 198|0x000000008c600000, 0x000000008c700000, 0x000000008c700000|100%| O|  |TAMS 0x000000008c600000| PB 0x000000008c600000| Untracked 
| 199|0x000000008c700000, 0x000000008c800000, 0x000000008c800000|100%| O|  |TAMS 0x000000008c700000| PB 0x000000008c700000| Untracked 
| 200|0x000000008c800000, 0x000000008c900000, 0x000000008c900000|100%| O|  |TAMS 0x000000008c800000| PB 0x000000008c800000| Untracked 
| 201|0x000000008c900000, 0x000000008ca00000, 0x000000008ca00000|100%| O|  |TAMS 0x000000008c900000| PB 0x000000008c900000| Untracked 
| 202|0x000000008ca00000, 0x000000008cb00000, 0x000000008cb00000|100%| O|  |TAMS 0x000000008ca00000| PB 0x000000008ca00000| Untracked 
| 203|0x000000008cb00000, 0x000000008cc00000, 0x000000008cc00000|100%| O|Cm|TAMS 0x000000008cb00000| PB 0x000000008cb00000| Complete 
| 204|0x000000008cc00000, 0x000000008cd00000, 0x000000008cd00000|100%| O|Cm|TAMS 0x000000008cc00000| PB 0x000000008cc00000| Complete 
| 205|0x000000008cd00000, 0x000000008ce00000, 0x000000008ce00000|100%| O|  |TAMS 0x000000008cd00000| PB 0x000000008cd00000| Untracked 
| 206|0x000000008ce00000, 0x000000008cf00000, 0x000000008cf00000|100%| O|  |TAMS 0x000000008ce00000| PB 0x000000008ce00000| Untracked 
| 207|0x000000008cf00000, 0x000000008d000000, 0x000000008d000000|100%| O|  |TAMS 0x000000008cf00000| PB 0x000000008cf00000| Untracked 
| 208|0x000000008d000000, 0x000000008d100000, 0x000000008d100000|100%| O|  |TAMS 0x000000008d000000| PB 0x000000008d000000| Untracked 
| 209|0x000000008d100000, 0x000000008d200000, 0x000000008d200000|100%| O|  |TAMS 0x000000008d100000| PB 0x000000008d100000| Untracked 
| 210|0x000000008d200000, 0x000000008d300000, 0x000000008d300000|100%| O|  |TAMS 0x000000008d200000| PB 0x000000008d200000| Untracked 
| 211|0x000000008d300000, 0x000000008d400000, 0x000000008d400000|100%| O|  |TAMS 0x000000008d300000| PB 0x000000008d300000| Untracked 
| 212|0x000000008d400000, 0x000000008d500000, 0x000000008d500000|100%| O|  |TAMS 0x000000008d400000| PB 0x000000008d400000| Untracked 
| 213|0x000000008d500000, 0x000000008d600000, 0x000000008d600000|100%|HS|  |TAMS 0x000000008d500000| PB 0x000000008d500000| Complete 
| 214|0x000000008d600000, 0x000000008d700000, 0x000000008d700000|100%|HS|  |TAMS 0x000000008d600000| PB 0x000000008d600000| Complete 
| 215|0x000000008d700000, 0x000000008d800000, 0x000000008d800000|100%|HS|  |TAMS 0x000000008d700000| PB 0x000000008d700000| Complete 
| 216|0x000000008d800000, 0x000000008d900000, 0x000000008d900000|100%|HS|  |TAMS 0x000000008d800000| PB 0x000000008d800000| Complete 
| 217|0x000000008d900000, 0x000000008da00000, 0x000000008da00000|100%| O|  |TAMS 0x000000008d900000| PB 0x000000008d900000| Untracked 
| 218|0x000000008da00000, 0x000000008db00000, 0x000000008db00000|100%| O|  |TAMS 0x000000008da00000| PB 0x000000008da00000| Untracked 
| 219|0x000000008db00000, 0x000000008dc00000, 0x000000008dc00000|100%|HS|  |TAMS 0x000000008db00000| PB 0x000000008db00000| Complete 
| 220|0x000000008dc00000, 0x000000008dd00000, 0x000000008dd00000|100%| O|  |TAMS 0x000000008dc00000| PB 0x000000008dc00000| Untracked 
| 221|0x000000008dd00000, 0x000000008de00000, 0x000000008de00000|100%| O|  |TAMS 0x000000008dd00000| PB 0x000000008dd00000| Untracked 
| 222|0x000000008de00000, 0x000000008df00000, 0x000000008df00000|100%| O|  |TAMS 0x000000008de00000| PB 0x000000008de00000| Untracked 
| 223|0x000000008df00000, 0x000000008e000000, 0x000000008e000000|100%| O|  |TAMS 0x000000008df00000| PB 0x000000008df00000| Untracked 
| 224|0x000000008e000000, 0x000000008e100000, 0x000000008e100000|100%| O|  |TAMS 0x000000008e000000| PB 0x000000008e000000| Untracked 
| 225|0x000000008e100000, 0x000000008e200000, 0x000000008e200000|100%| O|Cm|TAMS 0x000000008e100000| PB 0x000000008e100000| Complete 
| 226|0x000000008e200000, 0x000000008e300000, 0x000000008e300000|100%| O|  |TAMS 0x000000008e200000| PB 0x000000008e200000| Untracked 
| 227|0x000000008e300000, 0x000000008e400000, 0x000000008e400000|100%| O|  |TAMS 0x000000008e300000| PB 0x000000008e300000| Untracked 
| 228|0x000000008e400000, 0x000000008e500000, 0x000000008e500000|100%| O|  |TAMS 0x000000008e400000| PB 0x000000008e400000| Untracked 
| 229|0x000000008e500000, 0x000000008e600000, 0x000000008e600000|100%| O|  |TAMS 0x000000008e500000| PB 0x000000008e500000| Untracked 
| 230|0x000000008e600000, 0x000000008e700000, 0x000000008e700000|100%| O|  |TAMS 0x000000008e600000| PB 0x000000008e600000| Untracked 
| 231|0x000000008e700000, 0x000000008e800000, 0x000000008e800000|100%| O|  |TAMS 0x000000008e700000| PB 0x000000008e700000| Untracked 
| 232|0x000000008e800000, 0x000000008e900000, 0x000000008e900000|100%| O|  |TAMS 0x000000008e800000| PB 0x000000008e800000| Untracked 
| 233|0x000000008e900000, 0x000000008ea00000, 0x000000008ea00000|100%| O|  |TAMS 0x000000008e900000| PB 0x000000008e900000| Untracked 
| 234|0x000000008ea00000, 0x000000008eb00000, 0x000000008eb00000|100%| O|  |TAMS 0x000000008ea00000| PB 0x000000008ea00000| Untracked 
| 235|0x000000008eb00000, 0x000000008ec00000, 0x000000008ec00000|100%| O|  |TAMS 0x000000008eb00000| PB 0x000000008eb00000| Untracked 
| 236|0x000000008ec00000, 0x000000008ed00000, 0x000000008ed00000|100%| O|Cm|TAMS 0x000000008ec00000| PB 0x000000008ec00000| Complete 
| 237|0x000000008ed00000, 0x000000008ee00000, 0x000000008ee00000|100%| O|  |TAMS 0x000000008ed00000| PB 0x000000008ed00000| Untracked 
| 238|0x000000008ee00000, 0x000000008ef00000, 0x000000008ef00000|100%| O|  |TAMS 0x000000008ee00000| PB 0x000000008ee00000| Untracked 
| 239|0x000000008ef00000, 0x000000008f000000, 0x000000008f000000|100%| O|  |TAMS 0x000000008ef00000| PB 0x000000008ef00000| Untracked 
| 240|0x000000008f000000, 0x000000008f100000, 0x000000008f100000|100%| O|  |TAMS 0x000000008f000000| PB 0x000000008f000000| Untracked 
| 241|0x000000008f100000, 0x000000008f200000, 0x000000008f200000|100%| O|  |TAMS 0x000000008f100000| PB 0x000000008f100000| Untracked 
| 242|0x000000008f200000, 0x000000008f300000, 0x000000008f300000|100%| O|  |TAMS 0x000000008f200000| PB 0x000000008f200000| Untracked 
| 243|0x000000008f300000, 0x000000008f400000, 0x000000008f400000|100%| O|  |TAMS 0x000000008f300000| PB 0x000000008f300000| Untracked 
| 244|0x000000008f400000, 0x000000008f500000, 0x000000008f500000|100%| O|  |TAMS 0x000000008f400000| PB 0x000000008f400000| Untracked 
| 245|0x000000008f500000, 0x000000008f600000, 0x000000008f600000|100%| O|  |TAMS 0x000000008f500000| PB 0x000000008f500000| Untracked 
| 246|0x000000008f600000, 0x000000008f700000, 0x000000008f700000|100%| O|  |TAMS 0x000000008f600000| PB 0x000000008f600000| Untracked 
| 247|0x000000008f700000, 0x000000008f800000, 0x000000008f800000|100%| O|  |TAMS 0x000000008f700000| PB 0x000000008f700000| Untracked 
| 248|0x000000008f800000, 0x000000008f900000, 0x000000008f900000|100%| O|  |TAMS 0x000000008f800000| PB 0x000000008f800000| Untracked 
| 249|0x000000008f900000, 0x000000008fa00000, 0x000000008fa00000|100%| O|  |TAMS 0x000000008f900000| PB 0x000000008f900000| Untracked 
| 250|0x000000008fa00000, 0x000000008fb00000, 0x000000008fb00000|100%| O|  |TAMS 0x000000008fa00000| PB 0x000000008fa00000| Untracked 
| 251|0x000000008fb00000, 0x000000008fc00000, 0x000000008fc00000|100%| O|  |TAMS 0x000000008fb00000| PB 0x000000008fb00000| Untracked 
| 252|0x000000008fc00000, 0x000000008fd00000, 0x000000008fd00000|100%| O|  |TAMS 0x000000008fc00000| PB 0x000000008fc00000| Untracked 
| 253|0x000000008fd00000, 0x000000008fe00000, 0x000000008fe00000|100%| O|  |TAMS 0x000000008fd00000| PB 0x000000008fd00000| Untracked 
| 254|0x000000008fe00000, 0x000000008ff00000, 0x000000008ff00000|100%| O|  |TAMS 0x000000008fe00000| PB 0x000000008fe00000| Untracked 
| 255|0x000000008ff00000, 0x0000000090000000, 0x0000000090000000|100%| O|  |TAMS 0x000000008ff00000| PB 0x000000008ff00000| Untracked 
| 256|0x0000000090000000, 0x0000000090100000, 0x0000000090100000|100%| O|  |TAMS 0x0000000090000000| PB 0x0000000090000000| Untracked 
| 257|0x0000000090100000, 0x0000000090200000, 0x0000000090200000|100%| O|  |TAMS 0x0000000090100000| PB 0x0000000090100000| Untracked 
| 258|0x0000000090200000, 0x0000000090300000, 0x0000000090300000|100%| O|  |TAMS 0x0000000090200000| PB 0x0000000090200000| Untracked 
| 259|0x0000000090300000, 0x0000000090400000, 0x0000000090400000|100%| O|  |TAMS 0x0000000090300000| PB 0x0000000090300000| Untracked 
| 260|0x0000000090400000, 0x0000000090500000, 0x0000000090500000|100%| O|  |TAMS 0x0000000090400000| PB 0x0000000090400000| Untracked 
| 261|0x0000000090500000, 0x0000000090600000, 0x0000000090600000|100%| O|  |TAMS 0x0000000090500000| PB 0x0000000090500000| Untracked 
| 262|0x0000000090600000, 0x0000000090700000, 0x0000000090700000|100%| O|  |TAMS 0x0000000090600000| PB 0x0000000090600000| Untracked 
| 263|0x0000000090700000, 0x0000000090800000, 0x0000000090800000|100%| O|  |TAMS 0x0000000090700000| PB 0x0000000090700000| Untracked 
| 264|0x0000000090800000, 0x0000000090900000, 0x0000000090900000|100%| O|  |TAMS 0x0000000090800000| PB 0x0000000090800000| Untracked 
| 265|0x0000000090900000, 0x0000000090a00000, 0x0000000090a00000|100%| O|  |TAMS 0x0000000090900000| PB 0x0000000090900000| Untracked 
| 266|0x0000000090a00000, 0x0000000090b00000, 0x0000000090b00000|100%| O|  |TAMS 0x0000000090a00000| PB 0x0000000090a00000| Untracked 
| 267|0x0000000090b00000, 0x0000000090c00000, 0x0000000090c00000|100%| O|  |TAMS 0x0000000090b00000| PB 0x0000000090b00000| Untracked 
| 268|0x0000000090c00000, 0x0000000090d00000, 0x0000000090d00000|100%| O|  |TAMS 0x0000000090c00000| PB 0x0000000090c00000| Untracked 
| 269|0x0000000090d00000, 0x0000000090e00000, 0x0000000090e00000|100%| O|  |TAMS 0x0000000090d00000| PB 0x0000000090d00000| Untracked 
| 270|0x0000000090e00000, 0x0000000090f00000, 0x0000000090f00000|100%| O|  |TAMS 0x0000000090e00000| PB 0x0000000090e00000| Untracked 
| 271|0x0000000090f00000, 0x0000000091000000, 0x0000000091000000|100%| O|  |TAMS 0x0000000090f00000| PB 0x0000000090f00000| Untracked 
| 272|0x0000000091000000, 0x0000000091100000, 0x0000000091100000|100%| O|  |TAMS 0x0000000091000000| PB 0x0000000091000000| Untracked 
| 273|0x0000000091100000, 0x0000000091200000, 0x0000000091200000|100%| O|  |TAMS 0x0000000091100000| PB 0x0000000091100000| Untracked 
| 274|0x0000000091200000, 0x00000000912f8980, 0x0000000091300000| 97%| O|  |TAMS 0x0000000091200000| PB 0x0000000091200000| Untracked 
| 275|0x0000000091300000, 0x0000000091400000, 0x0000000091400000|100%| O|  |TAMS 0x0000000091300000| PB 0x0000000091300000| Untracked 
| 276|0x0000000091400000, 0x0000000091500000, 0x0000000091500000|100%|HS|  |TAMS 0x0000000091400000| PB 0x0000000091400000| Complete 
| 277|0x0000000091500000, 0x0000000091500000, 0x0000000091600000|  0%| F|  |TAMS 0x0000000091500000| PB 0x0000000091500000| Untracked 
| 278|0x0000000091600000, 0x0000000091700000, 0x0000000091700000|100%| O|Cm|TAMS 0x0000000091600000| PB 0x0000000091600000| Complete 
| 279|0x0000000091700000, 0x0000000091800000, 0x0000000091800000|100%| O|  |TAMS 0x0000000091700000| PB 0x0000000091700000| Untracked 
| 280|0x0000000091800000, 0x0000000091900000, 0x0000000091900000|100%| O|  |TAMS 0x0000000091800000| PB 0x0000000091800000| Untracked 
| 281|0x0000000091900000, 0x0000000091900000, 0x0000000091a00000|  0%| F|  |TAMS 0x0000000091900000| PB 0x0000000091900000| Untracked 
| 282|0x0000000091a00000, 0x0000000091b00000, 0x0000000091b00000|100%| O|  |TAMS 0x0000000091a00000| PB 0x0000000091a00000| Untracked 
| 283|0x0000000091b00000, 0x0000000091c00000, 0x0000000091c00000|100%| O|  |TAMS 0x0000000091b00000| PB 0x0000000091b00000| Untracked 
| 284|0x0000000091c00000, 0x0000000091d00000, 0x0000000091d00000|100%| O|  |TAMS 0x0000000091c00000| PB 0x0000000091c00000| Untracked 
| 285|0x0000000091d00000, 0x0000000091e00000, 0x0000000091e00000|100%| O|  |TAMS 0x0000000091d00000| PB 0x0000000091d00000| Untracked 
| 286|0x0000000091e00000, 0x0000000091f00000, 0x0000000091f00000|100%| O|  |TAMS 0x0000000091e00000| PB 0x0000000091e00000| Untracked 
| 287|0x0000000091f00000, 0x0000000092000000, 0x0000000092000000|100%| O|Cm|TAMS 0x0000000091f00000| PB 0x0000000091f00000| Complete 
| 288|0x0000000092000000, 0x0000000092100000, 0x0000000092100000|100%| O|  |TAMS 0x0000000092000000| PB 0x0000000092000000| Untracked 
| 289|0x0000000092100000, 0x0000000092200000, 0x0000000092200000|100%| O|  |TAMS 0x0000000092100000| PB 0x0000000092100000| Untracked 
| 290|0x0000000092200000, 0x0000000092300000, 0x0000000092300000|100%| O|  |TAMS 0x0000000092200000| PB 0x0000000092200000| Untracked 
| 291|0x0000000092300000, 0x0000000092400000, 0x0000000092400000|100%| O|Cm|TAMS 0x0000000092300000| PB 0x0000000092300000| Complete 
| 292|0x0000000092400000, 0x0000000092500000, 0x0000000092500000|100%| O|  |TAMS 0x0000000092400000| PB 0x0000000092400000| Untracked 
| 293|0x0000000092500000, 0x0000000092600000, 0x0000000092600000|100%| O|  |TAMS 0x0000000092500000| PB 0x0000000092500000| Untracked 
| 294|0x0000000092600000, 0x0000000092700000, 0x0000000092700000|100%| O|  |TAMS 0x0000000092600000| PB 0x0000000092600000| Untracked 
| 295|0x0000000092700000, 0x0000000092800000, 0x0000000092800000|100%| O|  |TAMS 0x0000000092700000| PB 0x0000000092700000| Untracked 
| 296|0x0000000092800000, 0x0000000092900000, 0x0000000092900000|100%| O|Cm|TAMS 0x0000000092800000| PB 0x0000000092800000| Complete 
| 297|0x0000000092900000, 0x0000000092a00000, 0x0000000092a00000|100%| O|  |TAMS 0x0000000092900000| PB 0x0000000092900000| Untracked 
| 298|0x0000000092a00000, 0x0000000092b00000, 0x0000000092b00000|100%| O|  |TAMS 0x0000000092a00000| PB 0x0000000092a00000| Untracked 
| 299|0x0000000092b00000, 0x0000000092c00000, 0x0000000092c00000|100%| O|  |TAMS 0x0000000092b00000| PB 0x0000000092b00000| Untracked 
| 300|0x0000000092c00000, 0x0000000092d00000, 0x0000000092d00000|100%| O|Cm|TAMS 0x0000000092c00000| PB 0x0000000092c00000| Complete 
| 301|0x0000000092d00000, 0x0000000092e00000, 0x0000000092e00000|100%| O|Cm|TAMS 0x0000000092d00000| PB 0x0000000092d00000| Complete 
| 302|0x0000000092e00000, 0x0000000092e00000, 0x0000000092f00000|  0%| F|  |TAMS 0x0000000092e00000| PB 0x0000000092e00000| Untracked 
| 303|0x0000000092f00000, 0x0000000092f00000, 0x0000000093000000|  0%| F|  |TAMS 0x0000000092f00000| PB 0x0000000092f00000| Untracked 
| 304|0x0000000093000000, 0x0000000093000000, 0x0000000093100000|  0%| F|  |TAMS 0x0000000093000000| PB 0x0000000093000000| Untracked 
| 305|0x0000000093100000, 0x0000000093100000, 0x0000000093200000|  0%| F|  |TAMS 0x0000000093100000| PB 0x0000000093100000| Untracked 
| 306|0x0000000093200000, 0x0000000093200000, 0x0000000093300000|  0%| F|  |TAMS 0x0000000093200000| PB 0x0000000093200000| Untracked 
| 307|0x0000000093300000, 0x0000000093300000, 0x0000000093400000|  0%| F|  |TAMS 0x0000000093300000| PB 0x0000000093300000| Untracked 
| 308|0x0000000093400000, 0x0000000093400000, 0x0000000093500000|  0%| F|  |TAMS 0x0000000093400000| PB 0x0000000093400000| Untracked 
| 309|0x0000000093500000, 0x0000000093500000, 0x0000000093600000|  0%| F|  |TAMS 0x0000000093500000| PB 0x0000000093500000| Untracked 
| 310|0x0000000093600000, 0x0000000093600000, 0x0000000093700000|  0%| F|  |TAMS 0x0000000093600000| PB 0x0000000093600000| Untracked 
| 311|0x0000000093700000, 0x0000000093700000, 0x0000000093800000|  0%| F|  |TAMS 0x0000000093700000| PB 0x0000000093700000| Untracked 
| 312|0x0000000093800000, 0x0000000093800000, 0x0000000093900000|  0%| F|  |TAMS 0x0000000093800000| PB 0x0000000093800000| Untracked 
| 313|0x0000000093900000, 0x0000000093900000, 0x0000000093a00000|  0%| F|  |TAMS 0x0000000093900000| PB 0x0000000093900000| Untracked 
| 314|0x0000000093a00000, 0x0000000093a00000, 0x0000000093b00000|  0%| F|  |TAMS 0x0000000093a00000| PB 0x0000000093a00000| Untracked 
| 315|0x0000000093b00000, 0x0000000093b00000, 0x0000000093c00000|  0%| F|  |TAMS 0x0000000093b00000| PB 0x0000000093b00000| Untracked 
| 316|0x0000000093c00000, 0x0000000093c00000, 0x0000000093d00000|  0%| F|  |TAMS 0x0000000093c00000| PB 0x0000000093c00000| Untracked 
| 317|0x0000000093d00000, 0x0000000093d00000, 0x0000000093e00000|  0%| F|  |TAMS 0x0000000093d00000| PB 0x0000000093d00000| Untracked 
| 318|0x0000000093e00000, 0x0000000093e00000, 0x0000000093f00000|  0%| F|  |TAMS 0x0000000093e00000| PB 0x0000000093e00000| Untracked 
| 319|0x0000000093f00000, 0x0000000093f00000, 0x0000000094000000|  0%| F|  |TAMS 0x0000000093f00000| PB 0x0000000093f00000| Untracked 
| 320|0x0000000094000000, 0x0000000094000000, 0x0000000094100000|  0%| F|  |TAMS 0x0000000094000000| PB 0x0000000094000000| Untracked 
| 321|0x0000000094100000, 0x0000000094100000, 0x0000000094200000|  0%| F|  |TAMS 0x0000000094100000| PB 0x0000000094100000| Untracked 
| 322|0x0000000094200000, 0x0000000094200000, 0x0000000094300000|  0%| F|  |TAMS 0x0000000094200000| PB 0x0000000094200000| Untracked 
| 323|0x0000000094300000, 0x0000000094300000, 0x0000000094400000|  0%| F|  |TAMS 0x0000000094300000| PB 0x0000000094300000| Untracked 
| 324|0x0000000094400000, 0x0000000094400000, 0x0000000094500000|  0%| F|  |TAMS 0x0000000094400000| PB 0x0000000094400000| Untracked 
| 325|0x0000000094500000, 0x0000000094500000, 0x0000000094600000|  0%| F|  |TAMS 0x0000000094500000| PB 0x0000000094500000| Untracked 
| 326|0x0000000094600000, 0x0000000094677ae0, 0x0000000094700000| 46%| S|CS|TAMS 0x0000000094600000| PB 0x0000000094600000| Complete 
| 327|0x0000000094700000, 0x0000000094800000, 0x0000000094800000|100%| S|CS|TAMS 0x0000000094700000| PB 0x0000000094700000| Complete 
| 328|0x0000000094800000, 0x0000000094900000, 0x0000000094900000|100%| S|CS|TAMS 0x0000000094800000| PB 0x0000000094800000| Complete 
| 329|0x0000000094900000, 0x0000000094a00000, 0x0000000094a00000|100%| S|CS|TAMS 0x0000000094900000| PB 0x0000000094900000| Complete 
| 330|0x0000000094a00000, 0x0000000094b00000, 0x0000000094b00000|100%| S|CS|TAMS 0x0000000094a00000| PB 0x0000000094a00000| Complete 
| 331|0x0000000094b00000, 0x0000000094c00000, 0x0000000094c00000|100%| S|CS|TAMS 0x0000000094b00000| PB 0x0000000094b00000| Complete 
| 332|0x0000000094c00000, 0x0000000094d00000, 0x0000000094d00000|100%| S|CS|TAMS 0x0000000094c00000| PB 0x0000000094c00000| Complete 
| 333|0x0000000094d00000, 0x0000000094e00000, 0x0000000094e00000|100%| S|CS|TAMS 0x0000000094d00000| PB 0x0000000094d00000| Complete 
| 334|0x0000000094e00000, 0x0000000094f00000, 0x0000000094f00000|100%| S|CS|TAMS 0x0000000094e00000| PB 0x0000000094e00000| Complete 
| 335|0x0000000094f00000, 0x0000000095000000, 0x0000000095000000|100%| S|CS|TAMS 0x0000000094f00000| PB 0x0000000094f00000| Complete 
| 336|0x0000000095000000, 0x0000000095100000, 0x0000000095100000|100%| S|CS|TAMS 0x0000000095000000| PB 0x0000000095000000| Complete 
| 337|0x0000000095100000, 0x0000000095200000, 0x0000000095200000|100%| S|CS|TAMS 0x0000000095100000| PB 0x0000000095100000| Complete 
| 338|0x0000000095200000, 0x0000000095300000, 0x0000000095300000|100%| S|CS|TAMS 0x0000000095200000| PB 0x0000000095200000| Complete 
| 339|0x0000000095300000, 0x0000000095400000, 0x0000000095400000|100%| S|CS|TAMS 0x0000000095300000| PB 0x0000000095300000| Complete 
| 340|0x0000000095400000, 0x0000000095400000, 0x0000000095500000|  0%| F|  |TAMS 0x0000000095400000| PB 0x0000000095400000| Untracked 
| 341|0x0000000095500000, 0x0000000095500000, 0x0000000095600000|  0%| F|  |TAMS 0x0000000095500000| PB 0x0000000095500000| Untracked 
| 342|0x0000000095600000, 0x0000000095600000, 0x0000000095700000|  0%| F|  |TAMS 0x0000000095600000| PB 0x0000000095600000| Untracked 
| 343|0x0000000095700000, 0x0000000095700000, 0x0000000095800000|  0%| F|  |TAMS 0x0000000095700000| PB 0x0000000095700000| Untracked 
| 344|0x0000000095800000, 0x0000000095800000, 0x0000000095900000|  0%| F|  |TAMS 0x0000000095800000| PB 0x0000000095800000| Untracked 
| 345|0x0000000095900000, 0x0000000095900000, 0x0000000095a00000|  0%| F|  |TAMS 0x0000000095900000| PB 0x0000000095900000| Untracked 
| 346|0x0000000095a00000, 0x0000000095a00000, 0x0000000095b00000|  0%| F|  |TAMS 0x0000000095a00000| PB 0x0000000095a00000| Untracked 
| 347|0x0000000095b00000, 0x0000000095b00000, 0x0000000095c00000|  0%| F|  |TAMS 0x0000000095b00000| PB 0x0000000095b00000| Untracked 
| 348|0x0000000095c00000, 0x0000000095c00000, 0x0000000095d00000|  0%| F|  |TAMS 0x0000000095c00000| PB 0x0000000095c00000| Untracked 
| 349|0x0000000095d00000, 0x0000000095d00000, 0x0000000095e00000|  0%| F|  |TAMS 0x0000000095d00000| PB 0x0000000095d00000| Untracked 
| 350|0x0000000095e00000, 0x0000000095e00000, 0x0000000095f00000|  0%| F|  |TAMS 0x0000000095e00000| PB 0x0000000095e00000| Untracked 
| 351|0x0000000095f00000, 0x0000000095f00000, 0x0000000096000000|  0%| F|  |TAMS 0x0000000095f00000| PB 0x0000000095f00000| Untracked 
| 352|0x0000000096000000, 0x0000000096000000, 0x0000000096100000|  0%| F|  |TAMS 0x0000000096000000| PB 0x0000000096000000| Untracked 
| 353|0x0000000096100000, 0x0000000096100000, 0x0000000096200000|  0%| F|  |TAMS 0x0000000096100000| PB 0x0000000096100000| Untracked 
| 354|0x0000000096200000, 0x0000000096200000, 0x0000000096300000|  0%| F|  |TAMS 0x0000000096200000| PB 0x0000000096200000| Untracked 
| 355|0x0000000096300000, 0x0000000096300000, 0x0000000096400000|  0%| F|  |TAMS 0x0000000096300000| PB 0x0000000096300000| Untracked 
| 356|0x0000000096400000, 0x0000000096400000, 0x0000000096500000|  0%| F|  |TAMS 0x0000000096400000| PB 0x0000000096400000| Untracked 
| 357|0x0000000096500000, 0x0000000096600000, 0x0000000096600000|100%| S|CS|TAMS 0x0000000096500000| PB 0x0000000096500000| Complete 
| 358|0x0000000096600000, 0x0000000096600000, 0x0000000096700000|  0%| F|  |TAMS 0x0000000096600000| PB 0x0000000096600000| Untracked 
| 359|0x0000000096700000, 0x0000000096700000, 0x0000000096800000|  0%| F|  |TAMS 0x0000000096700000| PB 0x0000000096700000| Untracked 
| 360|0x0000000096800000, 0x0000000096800000, 0x0000000096900000|  0%| F|  |TAMS 0x0000000096800000| PB 0x0000000096800000| Untracked 
| 361|0x0000000096900000, 0x0000000096900000, 0x0000000096a00000|  0%| F|  |TAMS 0x0000000096900000| PB 0x0000000096900000| Untracked 
| 362|0x0000000096a00000, 0x0000000096a00000, 0x0000000096b00000|  0%| F|  |TAMS 0x0000000096a00000| PB 0x0000000096a00000| Untracked 
| 363|0x0000000096b00000, 0x0000000096b00000, 0x0000000096c00000|  0%| F|  |TAMS 0x0000000096b00000| PB 0x0000000096b00000| Untracked 
| 364|0x0000000096c00000, 0x0000000096c00000, 0x0000000096d00000|  0%| F|  |TAMS 0x0000000096c00000| PB 0x0000000096c00000| Untracked 
| 365|0x0000000096d00000, 0x0000000096d00000, 0x0000000096e00000|  0%| F|  |TAMS 0x0000000096d00000| PB 0x0000000096d00000| Untracked 
| 366|0x0000000096e00000, 0x0000000096e00000, 0x0000000096f00000|  0%| F|  |TAMS 0x0000000096e00000| PB 0x0000000096e00000| Untracked 
| 367|0x0000000096f00000, 0x0000000096f00000, 0x0000000097000000|  0%| F|  |TAMS 0x0000000096f00000| PB 0x0000000096f00000| Untracked 
| 368|0x0000000097000000, 0x0000000097000000, 0x0000000097100000|  0%| F|  |TAMS 0x0000000097000000| PB 0x0000000097000000| Untracked 
| 369|0x0000000097100000, 0x0000000097100000, 0x0000000097200000|  0%| F|  |TAMS 0x0000000097100000| PB 0x0000000097100000| Untracked 
| 370|0x0000000097200000, 0x0000000097200000, 0x0000000097300000|  0%| F|  |TAMS 0x0000000097200000| PB 0x0000000097200000| Untracked 
| 371|0x0000000097300000, 0x0000000097300000, 0x0000000097400000|  0%| F|  |TAMS 0x0000000097300000| PB 0x0000000097300000| Untracked 
| 372|0x0000000097400000, 0x0000000097400000, 0x0000000097500000|  0%| F|  |TAMS 0x0000000097400000| PB 0x0000000097400000| Untracked 
| 373|0x0000000097500000, 0x0000000097500000, 0x0000000097600000|  0%| F|  |TAMS 0x0000000097500000| PB 0x0000000097500000| Untracked 
| 374|0x0000000097600000, 0x0000000097600000, 0x0000000097700000|  0%| F|  |TAMS 0x0000000097600000| PB 0x0000000097600000| Untracked 
| 375|0x0000000097700000, 0x0000000097700000, 0x0000000097800000|  0%| F|  |TAMS 0x0000000097700000| PB 0x0000000097700000| Untracked 
| 376|0x0000000097800000, 0x0000000097800000, 0x0000000097900000|  0%| F|  |TAMS 0x0000000097800000| PB 0x0000000097800000| Untracked 
| 377|0x0000000097900000, 0x0000000097900000, 0x0000000097a00000|  0%| F|  |TAMS 0x0000000097900000| PB 0x0000000097900000| Untracked 
| 378|0x0000000097a00000, 0x0000000097a00000, 0x0000000097b00000|  0%| F|  |TAMS 0x0000000097a00000| PB 0x0000000097a00000| Untracked 
| 379|0x0000000097b00000, 0x0000000097b00000, 0x0000000097c00000|  0%| F|  |TAMS 0x0000000097b00000| PB 0x0000000097b00000| Untracked 
| 380|0x0000000097c00000, 0x0000000097c00000, 0x0000000097d00000|  0%| F|  |TAMS 0x0000000097c00000| PB 0x0000000097c00000| Untracked 
| 381|0x0000000097d00000, 0x0000000097d00000, 0x0000000097e00000|  0%| F|  |TAMS 0x0000000097d00000| PB 0x0000000097d00000| Untracked 
| 382|0x0000000097e00000, 0x0000000097e00000, 0x0000000097f00000|  0%| F|  |TAMS 0x0000000097e00000| PB 0x0000000097e00000| Untracked 
| 383|0x0000000097f00000, 0x0000000097f00000, 0x0000000098000000|  0%| F|  |TAMS 0x0000000097f00000| PB 0x0000000097f00000| Untracked 
| 384|0x0000000098000000, 0x0000000098000000, 0x0000000098100000|  0%| F|  |TAMS 0x0000000098000000| PB 0x0000000098000000| Untracked 
| 385|0x0000000098100000, 0x0000000098100000, 0x0000000098200000|  0%| F|  |TAMS 0x0000000098100000| PB 0x0000000098100000| Untracked 
| 386|0x0000000098200000, 0x0000000098200000, 0x0000000098300000|  0%| F|  |TAMS 0x0000000098200000| PB 0x0000000098200000| Untracked 
| 387|0x0000000098300000, 0x0000000098300000, 0x0000000098400000|  0%| F|  |TAMS 0x0000000098300000| PB 0x0000000098300000| Untracked 
| 388|0x0000000098400000, 0x0000000098400000, 0x0000000098500000|  0%| F|  |TAMS 0x0000000098400000| PB 0x0000000098400000| Untracked 
| 389|0x0000000098500000, 0x0000000098500000, 0x0000000098600000|  0%| F|  |TAMS 0x0000000098500000| PB 0x0000000098500000| Untracked 
| 390|0x0000000098600000, 0x0000000098600000, 0x0000000098700000|  0%| F|  |TAMS 0x0000000098600000| PB 0x0000000098600000| Untracked 
| 391|0x0000000098700000, 0x0000000098700000, 0x0000000098800000|  0%| F|  |TAMS 0x0000000098700000| PB 0x0000000098700000| Untracked 
| 392|0x0000000098800000, 0x0000000098800000, 0x0000000098900000|  0%| F|  |TAMS 0x0000000098800000| PB 0x0000000098800000| Untracked 
| 393|0x0000000098900000, 0x0000000098900000, 0x0000000098a00000|  0%| F|  |TAMS 0x0000000098900000| PB 0x0000000098900000| Untracked 
| 394|0x0000000098a00000, 0x0000000098a00000, 0x0000000098b00000|  0%| F|  |TAMS 0x0000000098a00000| PB 0x0000000098a00000| Untracked 
| 395|0x0000000098b00000, 0x0000000098b00000, 0x0000000098c00000|  0%| F|  |TAMS 0x0000000098b00000| PB 0x0000000098b00000| Untracked 
| 396|0x0000000098c00000, 0x0000000098c00000, 0x0000000098d00000|  0%| F|  |TAMS 0x0000000098c00000| PB 0x0000000098c00000| Untracked 
| 397|0x0000000098d00000, 0x0000000098d00000, 0x0000000098e00000|  0%| F|  |TAMS 0x0000000098d00000| PB 0x0000000098d00000| Untracked 
| 398|0x0000000098e00000, 0x0000000098e00000, 0x0000000098f00000|  0%| F|  |TAMS 0x0000000098e00000| PB 0x0000000098e00000| Untracked 
| 399|0x0000000098f00000, 0x0000000098f00000, 0x0000000099000000|  0%| F|  |TAMS 0x0000000098f00000| PB 0x0000000098f00000| Untracked 
| 400|0x0000000099000000, 0x0000000099000000, 0x0000000099100000|  0%| F|  |TAMS 0x0000000099000000| PB 0x0000000099000000| Untracked 
| 401|0x0000000099100000, 0x0000000099100000, 0x0000000099200000|  0%| F|  |TAMS 0x0000000099100000| PB 0x0000000099100000| Untracked 
| 402|0x0000000099200000, 0x0000000099200000, 0x0000000099300000|  0%| F|  |TAMS 0x0000000099200000| PB 0x0000000099200000| Untracked 
| 403|0x0000000099300000, 0x0000000099300000, 0x0000000099400000|  0%| F|  |TAMS 0x0000000099300000| PB 0x0000000099300000| Untracked 
| 404|0x0000000099400000, 0x0000000099400000, 0x0000000099500000|  0%| F|  |TAMS 0x0000000099400000| PB 0x0000000099400000| Untracked 
| 405|0x0000000099500000, 0x0000000099500000, 0x0000000099600000|  0%| F|  |TAMS 0x0000000099500000| PB 0x0000000099500000| Untracked 
| 406|0x0000000099600000, 0x0000000099600000, 0x0000000099700000|  0%| F|  |TAMS 0x0000000099600000| PB 0x0000000099600000| Untracked 
| 407|0x0000000099700000, 0x0000000099700000, 0x0000000099800000|  0%| F|  |TAMS 0x0000000099700000| PB 0x0000000099700000| Untracked 
| 408|0x0000000099800000, 0x0000000099800000, 0x0000000099900000|  0%| F|  |TAMS 0x0000000099800000| PB 0x0000000099800000| Untracked 
| 409|0x0000000099900000, 0x0000000099900000, 0x0000000099a00000|  0%| F|  |TAMS 0x0000000099900000| PB 0x0000000099900000| Untracked 
| 410|0x0000000099a00000, 0x0000000099a00000, 0x0000000099b00000|  0%| F|  |TAMS 0x0000000099a00000| PB 0x0000000099a00000| Untracked 
| 411|0x0000000099b00000, 0x0000000099b00000, 0x0000000099c00000|  0%| F|  |TAMS 0x0000000099b00000| PB 0x0000000099b00000| Untracked 
| 412|0x0000000099c00000, 0x0000000099cfa338, 0x0000000099d00000| 97%| E|  |TAMS 0x0000000099c00000| PB 0x0000000099c00000| Complete 
| 413|0x0000000099d00000, 0x0000000099e00000, 0x0000000099e00000|100%| E|CS|TAMS 0x0000000099d00000| PB 0x0000000099d00000| Complete 
| 414|0x0000000099e00000, 0x0000000099f00000, 0x0000000099f00000|100%| E|CS|TAMS 0x0000000099e00000| PB 0x0000000099e00000| Complete 
| 415|0x0000000099f00000, 0x000000009a000000, 0x000000009a000000|100%| E|CS|TAMS 0x0000000099f00000| PB 0x0000000099f00000| Complete 
| 416|0x000000009a000000, 0x000000009a100000, 0x000000009a100000|100%| E|CS|TAMS 0x000000009a000000| PB 0x000000009a000000| Complete 
| 417|0x000000009a100000, 0x000000009a200000, 0x000000009a200000|100%| E|CS|TAMS 0x000000009a100000| PB 0x000000009a100000| Complete 
| 418|0x000000009a200000, 0x000000009a300000, 0x000000009a300000|100%| E|CS|TAMS 0x000000009a200000| PB 0x000000009a200000| Complete 
| 419|0x000000009a300000, 0x000000009a400000, 0x000000009a400000|100%| E|CS|TAMS 0x000000009a300000| PB 0x000000009a300000| Complete 
| 420|0x000000009a400000, 0x000000009a500000, 0x000000009a500000|100%| E|CS|TAMS 0x000000009a400000| PB 0x000000009a400000| Complete 
| 421|0x000000009a500000, 0x000000009a600000, 0x000000009a600000|100%| E|CS|TAMS 0x000000009a500000| PB 0x000000009a500000| Complete 
| 422|0x000000009a600000, 0x000000009a700000, 0x000000009a700000|100%| E|CS|TAMS 0x000000009a600000| PB 0x000000009a600000| Complete 
| 423|0x000000009a700000, 0x000000009a800000, 0x000000009a800000|100%| E|CS|TAMS 0x000000009a700000| PB 0x000000009a700000| Complete 
| 424|0x000000009a800000, 0x000000009a900000, 0x000000009a900000|100%| E|CS|TAMS 0x000000009a800000| PB 0x000000009a800000| Complete 
| 425|0x000000009a900000, 0x000000009aa00000, 0x000000009aa00000|100%| E|CS|TAMS 0x000000009a900000| PB 0x000000009a900000| Complete 
| 426|0x000000009aa00000, 0x000000009ab00000, 0x000000009ab00000|100%| E|CS|TAMS 0x000000009aa00000| PB 0x000000009aa00000| Complete 
| 427|0x000000009ab00000, 0x000000009ac00000, 0x000000009ac00000|100%| E|CS|TAMS 0x000000009ab00000| PB 0x000000009ab00000| Complete 
| 428|0x000000009ac00000, 0x000000009ad00000, 0x000000009ad00000|100%| E|CS|TAMS 0x000000009ac00000| PB 0x000000009ac00000| Complete 
| 429|0x000000009ad00000, 0x000000009ae00000, 0x000000009ae00000|100%| E|CS|TAMS 0x000000009ad00000| PB 0x000000009ad00000| Complete 
| 430|0x000000009ae00000, 0x000000009af00000, 0x000000009af00000|100%| E|CS|TAMS 0x000000009ae00000| PB 0x000000009ae00000| Complete 
| 431|0x000000009af00000, 0x000000009b000000, 0x000000009b000000|100%| E|CS|TAMS 0x000000009af00000| PB 0x000000009af00000| Complete 
| 432|0x000000009b000000, 0x000000009b100000, 0x000000009b100000|100%| E|CS|TAMS 0x000000009b000000| PB 0x000000009b000000| Complete 
| 433|0x000000009b100000, 0x000000009b200000, 0x000000009b200000|100%| E|CS|TAMS 0x000000009b100000| PB 0x000000009b100000| Complete 
| 434|0x000000009b200000, 0x000000009b300000, 0x000000009b300000|100%| E|CS|TAMS 0x000000009b200000| PB 0x000000009b200000| Complete 
| 435|0x000000009b300000, 0x000000009b400000, 0x000000009b400000|100%| E|CS|TAMS 0x000000009b300000| PB 0x000000009b300000| Complete 
| 436|0x000000009b400000, 0x000000009b500000, 0x000000009b500000|100%| E|CS|TAMS 0x000000009b400000| PB 0x000000009b400000| Complete 
| 437|0x000000009b500000, 0x000000009b600000, 0x000000009b600000|100%| E|CS|TAMS 0x000000009b500000| PB 0x000000009b500000| Complete 
| 438|0x000000009b600000, 0x000000009b700000, 0x000000009b700000|100%| E|CS|TAMS 0x000000009b600000| PB 0x000000009b600000| Complete 
| 439|0x000000009b700000, 0x000000009b800000, 0x000000009b800000|100%| E|CS|TAMS 0x000000009b700000| PB 0x000000009b700000| Complete 
| 440|0x000000009b800000, 0x000000009b900000, 0x000000009b900000|100%| E|CS|TAMS 0x000000009b800000| PB 0x000000009b800000| Complete 
| 441|0x000000009b900000, 0x000000009ba00000, 0x000000009ba00000|100%| E|CS|TAMS 0x000000009b900000| PB 0x000000009b900000| Complete 
| 442|0x000000009ba00000, 0x000000009bb00000, 0x000000009bb00000|100%| E|CS|TAMS 0x000000009ba00000| PB 0x000000009ba00000| Complete 
| 443|0x000000009bb00000, 0x000000009bc00000, 0x000000009bc00000|100%| E|CS|TAMS 0x000000009bb00000| PB 0x000000009bb00000| Complete 
| 444|0x000000009bc00000, 0x000000009bd00000, 0x000000009bd00000|100%| E|CS|TAMS 0x000000009bc00000| PB 0x000000009bc00000| Complete 
| 445|0x000000009bd00000, 0x000000009be00000, 0x000000009be00000|100%| E|CS|TAMS 0x000000009bd00000| PB 0x000000009bd00000| Complete 
| 446|0x000000009be00000, 0x000000009bf00000, 0x000000009bf00000|100%| E|CS|TAMS 0x000000009be00000| PB 0x000000009be00000| Complete 
| 447|0x000000009bf00000, 0x000000009c000000, 0x000000009c000000|100%| E|CS|TAMS 0x000000009bf00000| PB 0x000000009bf00000| Complete 
| 448|0x000000009c000000, 0x000000009c100000, 0x000000009c100000|100%| E|CS|TAMS 0x000000009c000000| PB 0x000000009c000000| Complete 
| 449|0x000000009c100000, 0x000000009c200000, 0x000000009c200000|100%| E|CS|TAMS 0x000000009c100000| PB 0x000000009c100000| Complete 
| 450|0x000000009c200000, 0x000000009c300000, 0x000000009c300000|100%| E|CS|TAMS 0x000000009c200000| PB 0x000000009c200000| Complete 
| 451|0x000000009c300000, 0x000000009c400000, 0x000000009c400000|100%| E|  |TAMS 0x000000009c300000| PB 0x000000009c300000| Complete 
| 452|0x000000009c400000, 0x000000009c500000, 0x000000009c500000|100%| E|CS|TAMS 0x000000009c400000| PB 0x000000009c400000| Complete 
| 453|0x000000009c500000, 0x000000009c600000, 0x000000009c600000|100%| E|CS|TAMS 0x000000009c500000| PB 0x000000009c500000| Complete 
| 454|0x000000009c600000, 0x000000009c700000, 0x000000009c700000|100%| E|CS|TAMS 0x000000009c600000| PB 0x000000009c600000| Complete 
| 455|0x000000009c700000, 0x000000009c800000, 0x000000009c800000|100%| E|CS|TAMS 0x000000009c700000| PB 0x000000009c700000| Complete 
| 456|0x000000009c800000, 0x000000009c900000, 0x000000009c900000|100%| E|CS|TAMS 0x000000009c800000| PB 0x000000009c800000| Complete 
| 457|0x000000009c900000, 0x000000009ca00000, 0x000000009ca00000|100%| E|CS|TAMS 0x000000009c900000| PB 0x000000009c900000| Complete 
| 458|0x000000009ca00000, 0x000000009cb00000, 0x000000009cb00000|100%| E|CS|TAMS 0x000000009ca00000| PB 0x000000009ca00000| Complete 
| 459|0x000000009cb00000, 0x000000009cc00000, 0x000000009cc00000|100%| E|CS|TAMS 0x000000009cb00000| PB 0x000000009cb00000| Complete 
| 460|0x000000009cc00000, 0x000000009cd00000, 0x000000009cd00000|100%| E|CS|TAMS 0x000000009cc00000| PB 0x000000009cc00000| Complete 
| 461|0x000000009cd00000, 0x000000009ce00000, 0x000000009ce00000|100%| E|CS|TAMS 0x000000009cd00000| PB 0x000000009cd00000| Complete 
| 462|0x000000009ce00000, 0x000000009cf00000, 0x000000009cf00000|100%| E|CS|TAMS 0x000000009ce00000| PB 0x000000009ce00000| Complete 
| 463|0x000000009cf00000, 0x000000009d000000, 0x000000009d000000|100%| E|CS|TAMS 0x000000009cf00000| PB 0x000000009cf00000| Complete 
| 464|0x000000009d000000, 0x000000009d100000, 0x000000009d100000|100%| E|CS|TAMS 0x000000009d000000| PB 0x000000009d000000| Complete 
| 465|0x000000009d100000, 0x000000009d200000, 0x000000009d200000|100%| E|CS|TAMS 0x000000009d100000| PB 0x000000009d100000| Complete 
| 466|0x000000009d200000, 0x000000009d300000, 0x000000009d300000|100%| E|CS|TAMS 0x000000009d200000| PB 0x000000009d200000| Complete 
| 467|0x000000009d300000, 0x000000009d400000, 0x000000009d400000|100%| E|CS|TAMS 0x000000009d300000| PB 0x000000009d300000| Complete 
| 468|0x000000009d400000, 0x000000009d500000, 0x000000009d500000|100%| E|CS|TAMS 0x000000009d400000| PB 0x000000009d400000| Complete 
| 469|0x000000009d500000, 0x000000009d600000, 0x000000009d600000|100%| E|CS|TAMS 0x000000009d500000| PB 0x000000009d500000| Complete 
| 470|0x000000009d600000, 0x000000009d700000, 0x000000009d700000|100%| E|CS|TAMS 0x000000009d600000| PB 0x000000009d600000| Complete 
| 471|0x000000009d700000, 0x000000009d800000, 0x000000009d800000|100%| E|CS|TAMS 0x000000009d700000| PB 0x000000009d700000| Complete 
| 472|0x000000009d800000, 0x000000009d900000, 0x000000009d900000|100%| E|CS|TAMS 0x000000009d800000| PB 0x000000009d800000| Complete 
| 473|0x000000009d900000, 0x000000009da00000, 0x000000009da00000|100%| E|CS|TAMS 0x000000009d900000| PB 0x000000009d900000| Complete 
| 474|0x000000009da00000, 0x000000009db00000, 0x000000009db00000|100%| E|CS|TAMS 0x000000009da00000| PB 0x000000009da00000| Complete 
| 475|0x000000009db00000, 0x000000009dc00000, 0x000000009dc00000|100%| E|CS|TAMS 0x000000009db00000| PB 0x000000009db00000| Complete 
| 476|0x000000009dc00000, 0x000000009dd00000, 0x000000009dd00000|100%| E|CS|TAMS 0x000000009dc00000| PB 0x000000009dc00000| Complete 
| 477|0x000000009dd00000, 0x000000009de00000, 0x000000009de00000|100%| E|CS|TAMS 0x000000009dd00000| PB 0x000000009dd00000| Complete 
| 478|0x000000009de00000, 0x000000009df00000, 0x000000009df00000|100%| E|CS|TAMS 0x000000009de00000| PB 0x000000009de00000| Complete 
| 479|0x000000009df00000, 0x000000009e000000, 0x000000009e000000|100%| E|CS|TAMS 0x000000009df00000| PB 0x000000009df00000| Complete 
| 480|0x000000009e000000, 0x000000009e100000, 0x000000009e100000|100%| E|CS|TAMS 0x000000009e000000| PB 0x000000009e000000| Complete 
| 481|0x000000009e100000, 0x000000009e200000, 0x000000009e200000|100%| E|CS|TAMS 0x000000009e100000| PB 0x000000009e100000| Complete 
| 482|0x000000009e200000, 0x000000009e300000, 0x000000009e300000|100%| E|CS|TAMS 0x000000009e200000| PB 0x000000009e200000| Complete 
| 483|0x000000009e300000, 0x000000009e400000, 0x000000009e400000|100%| E|CS|TAMS 0x000000009e300000| PB 0x000000009e300000| Complete 
| 484|0x000000009e400000, 0x000000009e500000, 0x000000009e500000|100%| E|CS|TAMS 0x000000009e400000| PB 0x000000009e400000| Complete 
| 485|0x000000009e500000, 0x000000009e600000, 0x000000009e600000|100%| E|CS|TAMS 0x000000009e500000| PB 0x000000009e500000| Complete 
| 486|0x000000009e600000, 0x000000009e700000, 0x000000009e700000|100%| E|CS|TAMS 0x000000009e600000| PB 0x000000009e600000| Complete 
| 487|0x000000009e700000, 0x000000009e800000, 0x000000009e800000|100%| E|CS|TAMS 0x000000009e700000| PB 0x000000009e700000| Complete 
| 488|0x000000009e800000, 0x000000009e900000, 0x000000009e900000|100%| E|CS|TAMS 0x000000009e800000| PB 0x000000009e800000| Complete 
| 489|0x000000009e900000, 0x000000009ea00000, 0x000000009ea00000|100%| E|CS|TAMS 0x000000009e900000| PB 0x000000009e900000| Complete 
| 490|0x000000009ea00000, 0x000000009eb00000, 0x000000009eb00000|100%| E|CS|TAMS 0x000000009ea00000| PB 0x000000009ea00000| Complete 
| 491|0x000000009eb00000, 0x000000009ec00000, 0x000000009ec00000|100%| E|CS|TAMS 0x000000009eb00000| PB 0x000000009eb00000| Complete 
| 492|0x000000009ec00000, 0x000000009ed00000, 0x000000009ed00000|100%| E|CS|TAMS 0x000000009ec00000| PB 0x000000009ec00000| Complete 
| 493|0x000000009ed00000, 0x000000009ee00000, 0x000000009ee00000|100%| E|CS|TAMS 0x000000009ed00000| PB 0x000000009ed00000| Complete 
| 494|0x000000009ee00000, 0x000000009ef00000, 0x000000009ef00000|100%| E|CS|TAMS 0x000000009ee00000| PB 0x000000009ee00000| Complete 
| 495|0x000000009ef00000, 0x000000009f000000, 0x000000009f000000|100%| E|CS|TAMS 0x000000009ef00000| PB 0x000000009ef00000| Complete 
| 496|0x000000009f000000, 0x000000009f100000, 0x000000009f100000|100%| E|CS|TAMS 0x000000009f000000| PB 0x000000009f000000| Complete 
| 497|0x000000009f100000, 0x000000009f200000, 0x000000009f200000|100%| E|CS|TAMS 0x000000009f100000| PB 0x000000009f100000| Complete 
| 498|0x000000009f200000, 0x000000009f300000, 0x000000009f300000|100%| E|CS|TAMS 0x000000009f200000| PB 0x000000009f200000| Complete 
| 499|0x000000009f300000, 0x000000009f400000, 0x000000009f400000|100%| E|CS|TAMS 0x000000009f300000| PB 0x000000009f300000| Complete 
| 500|0x000000009f400000, 0x000000009f500000, 0x000000009f500000|100%| E|CS|TAMS 0x000000009f400000| PB 0x000000009f400000| Complete 
| 501|0x000000009f500000, 0x000000009f600000, 0x000000009f600000|100%| E|CS|TAMS 0x000000009f500000| PB 0x000000009f500000| Complete 
| 502|0x000000009f600000, 0x000000009f700000, 0x000000009f700000|100%| E|CS|TAMS 0x000000009f600000| PB 0x000000009f600000| Complete 
| 503|0x000000009f700000, 0x000000009f800000, 0x000000009f800000|100%| E|CS|TAMS 0x000000009f700000| PB 0x000000009f700000| Complete 
| 504|0x000000009f800000, 0x000000009f900000, 0x000000009f900000|100%| E|CS|TAMS 0x000000009f800000| PB 0x000000009f800000| Complete 
| 505|0x000000009f900000, 0x000000009fa00000, 0x000000009fa00000|100%| E|CS|TAMS 0x000000009f900000| PB 0x000000009f900000| Complete 
| 506|0x000000009fa00000, 0x000000009fb00000, 0x000000009fb00000|100%| E|CS|TAMS 0x000000009fa00000| PB 0x000000009fa00000| Complete 
| 507|0x000000009fb00000, 0x000000009fc00000, 0x000000009fc00000|100%| E|CS|TAMS 0x000000009fb00000| PB 0x000000009fb00000| Complete 
| 508|0x000000009fc00000, 0x000000009fd00000, 0x000000009fd00000|100%| E|CS|TAMS 0x000000009fc00000| PB 0x000000009fc00000| Complete 
| 509|0x000000009fd00000, 0x000000009fe00000, 0x000000009fe00000|100%| E|CS|TAMS 0x000000009fd00000| PB 0x000000009fd00000| Complete 
| 510|0x000000009fe00000, 0x000000009ff00000, 0x000000009ff00000|100%| E|CS|TAMS 0x000000009fe00000| PB 0x000000009fe00000| Complete 
| 511|0x000000009ff00000, 0x00000000a0000000, 0x00000000a0000000|100%| E|CS|TAMS 0x000000009ff00000| PB 0x000000009ff00000| Complete 
| 512|0x00000000a0000000, 0x00000000a0100000, 0x00000000a0100000|100%| E|CS|TAMS 0x00000000a0000000| PB 0x00000000a0000000| Complete 
| 513|0x00000000a0100000, 0x00000000a0200000, 0x00000000a0200000|100%| E|CS|TAMS 0x00000000a0100000| PB 0x00000000a0100000| Complete 
| 514|0x00000000a0200000, 0x00000000a0300000, 0x00000000a0300000|100%| E|CS|TAMS 0x00000000a0200000| PB 0x00000000a0200000| Complete 
| 515|0x00000000a0300000, 0x00000000a0400000, 0x00000000a0400000|100%| E|CS|TAMS 0x00000000a0300000| PB 0x00000000a0300000| Complete 
| 516|0x00000000a0400000, 0x00000000a0500000, 0x00000000a0500000|100%| E|CS|TAMS 0x00000000a0400000| PB 0x00000000a0400000| Complete 
| 517|0x00000000a0500000, 0x00000000a0600000, 0x00000000a0600000|100%| E|CS|TAMS 0x00000000a0500000| PB 0x00000000a0500000| Complete 
| 518|0x00000000a0600000, 0x00000000a0700000, 0x00000000a0700000|100%| E|CS|TAMS 0x00000000a0600000| PB 0x00000000a0600000| Complete 
| 519|0x00000000a0700000, 0x00000000a0800000, 0x00000000a0800000|100%| E|CS|TAMS 0x00000000a0700000| PB 0x00000000a0700000| Complete 
| 520|0x00000000a0800000, 0x00000000a0900000, 0x00000000a0900000|100%| E|CS|TAMS 0x00000000a0800000| PB 0x00000000a0800000| Complete 
| 521|0x00000000a0900000, 0x00000000a0a00000, 0x00000000a0a00000|100%| E|CS|TAMS 0x00000000a0900000| PB 0x00000000a0900000| Complete 
| 522|0x00000000a0a00000, 0x00000000a0b00000, 0x00000000a0b00000|100%| E|CS|TAMS 0x00000000a0a00000| PB 0x00000000a0a00000| Complete 
| 523|0x00000000a0b00000, 0x00000000a0c00000, 0x00000000a0c00000|100%| E|CS|TAMS 0x00000000a0b00000| PB 0x00000000a0b00000| Complete 
| 524|0x00000000a0c00000, 0x00000000a0d00000, 0x00000000a0d00000|100%| E|CS|TAMS 0x00000000a0c00000| PB 0x00000000a0c00000| Complete 
| 525|0x00000000a0d00000, 0x00000000a0e00000, 0x00000000a0e00000|100%| E|CS|TAMS 0x00000000a0d00000| PB 0x00000000a0d00000| Complete 
| 526|0x00000000a0e00000, 0x00000000a0f00000, 0x00000000a0f00000|100%| E|CS|TAMS 0x00000000a0e00000| PB 0x00000000a0e00000| Complete 
| 527|0x00000000a0f00000, 0x00000000a1000000, 0x00000000a1000000|100%| E|CS|TAMS 0x00000000a0f00000| PB 0x00000000a0f00000| Complete 
| 528|0x00000000a1000000, 0x00000000a1100000, 0x00000000a1100000|100%| E|CS|TAMS 0x00000000a1000000| PB 0x00000000a1000000| Complete 
| 529|0x00000000a1100000, 0x00000000a1200000, 0x00000000a1200000|100%| E|CS|TAMS 0x00000000a1100000| PB 0x00000000a1100000| Complete 
| 530|0x00000000a1200000, 0x00000000a1300000, 0x00000000a1300000|100%| E|CS|TAMS 0x00000000a1200000| PB 0x00000000a1200000| Complete 
| 531|0x00000000a1300000, 0x00000000a1400000, 0x00000000a1400000|100%| E|CS|TAMS 0x00000000a1300000| PB 0x00000000a1300000| Complete 
| 532|0x00000000a1400000, 0x00000000a1500000, 0x00000000a1500000|100%| E|CS|TAMS 0x00000000a1400000| PB 0x00000000a1400000| Complete 
| 533|0x00000000a1500000, 0x00000000a1600000, 0x00000000a1600000|100%| E|CS|TAMS 0x00000000a1500000| PB 0x00000000a1500000| Complete 
| 534|0x00000000a1600000, 0x00000000a1700000, 0x00000000a1700000|100%| E|CS|TAMS 0x00000000a1600000| PB 0x00000000a1600000| Complete 
| 535|0x00000000a1700000, 0x00000000a1800000, 0x00000000a1800000|100%| E|CS|TAMS 0x00000000a1700000| PB 0x00000000a1700000| Complete 
| 536|0x00000000a1800000, 0x00000000a1900000, 0x00000000a1900000|100%| E|CS|TAMS 0x00000000a1800000| PB 0x00000000a1800000| Complete 
| 537|0x00000000a1900000, 0x00000000a1a00000, 0x00000000a1a00000|100%| E|CS|TAMS 0x00000000a1900000| PB 0x00000000a1900000| Complete 
| 538|0x00000000a1a00000, 0x00000000a1b00000, 0x00000000a1b00000|100%| E|CS|TAMS 0x00000000a1a00000| PB 0x00000000a1a00000| Complete 
| 539|0x00000000a1b00000, 0x00000000a1c00000, 0x00000000a1c00000|100%| E|CS|TAMS 0x00000000a1b00000| PB 0x00000000a1b00000| Complete 
| 540|0x00000000a1c00000, 0x00000000a1d00000, 0x00000000a1d00000|100%| E|CS|TAMS 0x00000000a1c00000| PB 0x00000000a1c00000| Complete 
| 541|0x00000000a1d00000, 0x00000000a1e00000, 0x00000000a1e00000|100%| E|CS|TAMS 0x00000000a1d00000| PB 0x00000000a1d00000| Complete 
| 542|0x00000000a1e00000, 0x00000000a1f00000, 0x00000000a1f00000|100%| E|CS|TAMS 0x00000000a1e00000| PB 0x00000000a1e00000| Complete 
| 543|0x00000000a1f00000, 0x00000000a2000000, 0x00000000a2000000|100%| E|CS|TAMS 0x00000000a1f00000| PB 0x00000000a1f00000| Complete 
| 544|0x00000000a2000000, 0x00000000a2100000, 0x00000000a2100000|100%| E|CS|TAMS 0x00000000a2000000| PB 0x00000000a2000000| Complete 
| 545|0x00000000a2100000, 0x00000000a2200000, 0x00000000a2200000|100%| E|CS|TAMS 0x00000000a2100000| PB 0x00000000a2100000| Complete 
| 546|0x00000000a2200000, 0x00000000a2300000, 0x00000000a2300000|100%| E|CS|TAMS 0x00000000a2200000| PB 0x00000000a2200000| Complete 
| 547|0x00000000a2300000, 0x00000000a2400000, 0x00000000a2400000|100%| E|CS|TAMS 0x00000000a2300000| PB 0x00000000a2300000| Complete 
| 548|0x00000000a2400000, 0x00000000a2500000, 0x00000000a2500000|100%| E|CS|TAMS 0x00000000a2400000| PB 0x00000000a2400000| Complete 
| 549|0x00000000a2500000, 0x00000000a2600000, 0x00000000a2600000|100%| E|CS|TAMS 0x00000000a2500000| PB 0x00000000a2500000| Complete 
| 550|0x00000000a2600000, 0x00000000a2700000, 0x00000000a2700000|100%| E|CS|TAMS 0x00000000a2600000| PB 0x00000000a2600000| Complete 
| 551|0x00000000a2700000, 0x00000000a2800000, 0x00000000a2800000|100%| E|CS|TAMS 0x00000000a2700000| PB 0x00000000a2700000| Complete 
| 552|0x00000000a2800000, 0x00000000a2900000, 0x00000000a2900000|100%| E|CS|TAMS 0x00000000a2800000| PB 0x00000000a2800000| Complete 
| 553|0x00000000a2900000, 0x00000000a2a00000, 0x00000000a2a00000|100%| E|CS|TAMS 0x00000000a2900000| PB 0x00000000a2900000| Complete 
| 554|0x00000000a2a00000, 0x00000000a2b00000, 0x00000000a2b00000|100%| E|CS|TAMS 0x00000000a2a00000| PB 0x00000000a2a00000| Complete 
| 555|0x00000000a2b00000, 0x00000000a2c00000, 0x00000000a2c00000|100%| E|CS|TAMS 0x00000000a2b00000| PB 0x00000000a2b00000| Complete 
| 556|0x00000000a2c00000, 0x00000000a2d00000, 0x00000000a2d00000|100%| E|CS|TAMS 0x00000000a2c00000| PB 0x00000000a2c00000| Complete 
| 557|0x00000000a2d00000, 0x00000000a2e00000, 0x00000000a2e00000|100%| E|CS|TAMS 0x00000000a2d00000| PB 0x00000000a2d00000| Complete 
| 558|0x00000000a2e00000, 0x00000000a2f00000, 0x00000000a2f00000|100%| E|CS|TAMS 0x00000000a2e00000| PB 0x00000000a2e00000| Complete 
| 559|0x00000000a2f00000, 0x00000000a3000000, 0x00000000a3000000|100%| E|CS|TAMS 0x00000000a2f00000| PB 0x00000000a2f00000| Complete 
| 560|0x00000000a3000000, 0x00000000a3100000, 0x00000000a3100000|100%| E|CS|TAMS 0x00000000a3000000| PB 0x00000000a3000000| Complete 
| 561|0x00000000a3100000, 0x00000000a3200000, 0x00000000a3200000|100%| E|CS|TAMS 0x00000000a3100000| PB 0x00000000a3100000| Complete 
| 562|0x00000000a3200000, 0x00000000a3300000, 0x00000000a3300000|100%| E|CS|TAMS 0x00000000a3200000| PB 0x00000000a3200000| Complete 
|2041|0x00000000ff900000, 0x00000000ffa00000, 0x00000000ffa00000|100%| O|  |TAMS 0x00000000ff900000| PB 0x00000000ff900000| Untracked 
|2042|0x00000000ffa00000, 0x00000000ffb00000, 0x00000000ffb00000|100%| O|  |TAMS 0x00000000ffa00000| PB 0x00000000ffa00000| Untracked 
|2043|0x00000000ffb00000, 0x00000000ffc00000, 0x00000000ffc00000|100%| O|  |TAMS 0x00000000ffb00000| PB 0x00000000ffb00000| Untracked 
|2044|0x00000000ffc00000, 0x00000000ffd00000, 0x00000000ffd00000|100%| O|  |TAMS 0x00000000ffc00000| PB 0x00000000ffc00000| Untracked 
|2045|0x00000000ffd00000, 0x00000000ffe00000, 0x00000000ffe00000|100%| O|  |TAMS 0x00000000ffd00000| PB 0x00000000ffd00000| Untracked 
|2046|0x00000000ffe00000, 0x00000000fff00000, 0x00000000fff00000|100%| O|  |TAMS 0x00000000ffe00000| PB 0x00000000ffe00000| Untracked 
|2047|0x00000000fff00000, 0x0000000100000000, 0x0000000100000000|100%| O|  |TAMS 0x00000000fff00000| PB 0x00000000fff00000| Untracked 

Card table byte_map: [0x0000019e9a780000,0x0000019e9ab80000] _byte_map_base: 0x0000019e9a380000

Marking Bits: (CMBitMap*) 0x0000019e8098a340
 Bits: [0x0000019e9ab80000, 0x0000019e9cb80000)

Polling page: 0x0000019e809f0000

Metaspace:

Usage:
  Non-class:    106.99 MB used.
      Class:     16.31 MB used.
       Both:    123.29 MB used.

Virtual space:
  Non-class space:      128.00 MB reserved,     110.75 MB ( 87%) committed,  2 nodes.
      Class space:      416.00 MB reserved,      18.50 MB (  4%) committed,  1 nodes.
             Both:      544.00 MB reserved,     129.25 MB ( 24%) committed. 

Chunk freelists:
   Non-Class:  3.84 MB
       Class:  14.84 MB
        Both:  18.69 MB

MaxMetaspaceSize: 512.00 MB
CompressedClassSpaceSize: 416.00 MB
Initial GC threshold: 21.00 MB
Current GC threshold: 215.44 MB
CDS: on
 - commit_granule_bytes: 65536.
 - commit_granule_words: 8192.
 - virtual_space_node_default_size: 8388608.
 - enlarge_chunks_in_place: 1.
 - use_allocation_guard: 0.


Internal statistics:

num_allocs_failed_limit: 12.
num_arena_births: 5224.
num_arena_deaths: 2922.
num_vsnodes_births: 3.
num_vsnodes_deaths: 0.
num_space_committed: 2067.
num_space_uncommitted: 0.
num_chunks_returned_to_freelist: 3297.
num_chunks_taken_from_freelist: 11699.
num_chunk_merges: 1220.
num_chunk_splits: 7351.
num_chunks_enlarged: 4543.
num_inconsistent_stats: 0.

CodeHeap 'non-profiled nmethods': size=119168Kb used=19401Kb max_used=19401Kb free=99766Kb
 bounds [0x0000019e91f60000, 0x0000019e93260000, 0x0000019e993c0000]
CodeHeap 'profiled nmethods': size=119104Kb used=42919Kb max_used=42919Kb free=76184Kb
 bounds [0x0000019e8a3c0000, 0x0000019e8cdb0000, 0x0000019e91810000]
CodeHeap 'non-nmethods': size=7488Kb used=4694Kb max_used=4761Kb free=2793Kb
 bounds [0x0000019e91810000, 0x0000019e91cc0000, 0x0000019e91f60000]
 total_blobs=23283 nmethods=22209 adapters=974
 compilation: enabled
              stopped_count=0, restarted_count=0
 full_count=0

Compilation events (20 events):
Event: 9426.886 Thread 0x0000019e9fbf8e20 nmethod 26985 0x0000019e92f06190 code [0x0000019e92f067a0, 0x0000019e92f09f60]
Event: 9426.898 Thread 0x0000019e9fbfa420 27034       1       com.android.build.gradle.internal.dsl.CommonExtensionImpl::getTestOptions (5 bytes)
Event: 9426.899 Thread 0x0000019e9fbfa420 nmethod 27034 0x0000019e92f05e90 code [0x0000019e92f06020, 0x0000019e92f060e8]
Event: 9426.899 Thread 0x0000019ecf029770 27035       3       com.android.build.api.variant.impl.LibraryVariantImpl_Decorated::getInstrumentationCreationConfig (40 bytes)
Event: 9426.899 Thread 0x0000019ecf029770 nmethod 27035 0x0000019e8cd8cd10 code [0x0000019e8cd8cf40, 0x0000019e8cd8d718]
Event: 9426.899 Thread 0x0000019ec38e8250 27036       4       org.gradle.api.internal.DefaultNamedDomainObjectCollection$AbstractDomainObjectCreatingProvider::configure (91 bytes)
Event: 9426.900 Thread 0x0000019e9fbf8e20 27037       4       org.gradle.internal.id.ConfigurationCacheableIdFactory::createId (33 bytes)
Event: 9426.900 Thread 0x0000019ecf0289d0 27038       4       java.util.concurrent.atomic.AtomicLong::weakCompareAndSetVolatile (13 bytes)
Event: 9426.900 Thread 0x0000019ecf0289d0 nmethod 27038 0x0000019e92f05b90 code [0x0000019e92f05d20, 0x0000019e92f05dc0]
Event: 9426.901 Thread 0x0000019e9fbf8e20 nmethod 27037 0x0000019e92f05790 code [0x0000019e92f05920, 0x0000019e92f05a68]
Event: 9426.902 Thread 0x0000019ecf023810 27039       3       com.android.build.api.component.impl.features.InstrumentationCreationConfigImpl::getDependenciesClassesJarsPostInstrumentation (111 bytes)
Event: 9426.903 Thread 0x0000019ecf0289d0 27040       4       org.gradle.api.internal.DefaultNamedDomainObjectCollection$AbstractDomainObjectCreatingProvider::<init> (48 bytes)
Event: 9426.903 Thread 0x0000019e9fbf8e20 27041       4       org.gradle.api.internal.DefaultNamedDomainObjectCollection::addLater (54 bytes)
Event: 9426.903 Thread 0x0000019ecf023810 nmethod 27039 0x0000019e8cd8d990 code [0x0000019e8cd8dc80, 0x0000019e8cd8ead0]
Event: 9426.906 Thread 0x0000019ecf029770 27043       3       com.android.build.gradle.internal.TaskManager::createDependencyStreams$getFinalRuntimeClassesJarsFromComponent (42 bytes)
Event: 9426.906 Thread 0x0000019ecf029770 nmethod 27043 0x0000019e8cd8f010 code [0x0000019e8cd8f200, 0x0000019e8cd8f5f8]
Event: 9426.912 Thread 0x0000019ecf029770 27044       3       org.jetbrains.kotlin.gradle.plugin.sources.android.AndroidVariantTypeKt::getType (62 bytes)
Event: 9426.912 Thread 0x0000019ecf025350 27045       3       org.gradle.api.internal.FactoryNamedDomainObjectContainer_Decorated::getInstantiator (39 bytes)
Event: 9426.912 Thread 0x0000019ecf025350 nmethod 27045 0x0000019e8cd8f790 code [0x0000019e8cd8f960, 0x0000019e8cd8fce8]
Event: 9427.904 Thread 0x0000019ecf029770 nmethod 27044 0x0000019e8cd8fe10 code [0x0000019e8cd90080, 0x0000019e8cd90c18]

GC Heap History (20 events):
Event: 26.287 GC heap before
{Heap before GC invocations=63 (full 0):
 garbage-first heap   total 493568K, used 390027K [0x0000000080000000, 0x0000000100000000)
  region size 1024K, 126 young (129024K), 19 survivors (19456K)
 Metaspace       used 119843K, committed 122944K, reserved 557056K
  class space    used 16557K, committed 18048K, reserved 425984K
}
Event: 26.298 GC heap after
{Heap after GC invocations=64 (full 0):
 garbage-first heap   total 493568K, used 295688K [0x0000000080000000, 0x0000000100000000)
  region size 1024K, 14 young (14336K), 14 survivors (14336K)
 Metaspace       used 119843K, committed 122944K, reserved 557056K
  class space    used 16557K, committed 18048K, reserved 425984K
}
Event: 26.564 GC heap before
{Heap before GC invocations=64 (full 0):
 garbage-first heap   total 493568K, used 437000K [0x0000000080000000, 0x0000000100000000)
  region size 1024K, 153 young (156672K), 14 survivors (14336K)
 Metaspace       used 119853K, committed 122944K, reserved 557056K
  class space    used 16557K, committed 18048K, reserved 425984K
}
Event: 26.573 GC heap after
{Heap after GC invocations=65 (full 0):
 garbage-first heap   total 493568K, used 299566K [0x0000000080000000, 0x0000000100000000)
  region size 1024K, 8 young (8192K), 8 survivors (8192K)
 Metaspace       used 119853K, committed 122944K, reserved 557056K
  class space    used 16557K, committed 18048K, reserved 425984K
}
Event: 26.902 GC heap before
{Heap before GC invocations=65 (full 0):
 garbage-first heap   total 493568K, used 349742K [0x0000000080000000, 0x0000000100000000)
  region size 1024K, 59 young (60416K), 8 survivors (8192K)
 Metaspace       used 119991K, committed 123072K, reserved 557056K
  class space    used 16561K, committed 18048K, reserved 425984K
}
Event: 26.905 GC heap after
{Heap after GC invocations=66 (full 0):
 garbage-first heap   total 493568K, used 300434K [0x0000000080000000, 0x0000000100000000)
  region size 1024K, 9 young (9216K), 9 survivors (9216K)
 Metaspace       used 119991K, committed 123072K, reserved 557056K
  class space    used 16561K, committed 18048K, reserved 425984K
}
Event: 27.396 GC heap before
{Heap before GC invocations=67 (full 0):
 garbage-first heap   total 565248K, used 450962K [0x0000000080000000, 0x0000000100000000)
  region size 1024K, 154 young (157696K), 9 survivors (9216K)
 Metaspace       used 120183K, committed 123264K, reserved 557056K
  class space    used 16568K, committed 18048K, reserved 425984K
}
Event: 27.401 GC heap after
{Heap after GC invocations=68 (full 0):
 garbage-first heap   total 565248K, used 306734K [0x0000000080000000, 0x0000000100000000)
  region size 1024K, 15 young (15360K), 15 survivors (15360K)
 Metaspace       used 120183K, committed 123264K, reserved 557056K
  class space    used 16568K, committed 18048K, reserved 425984K
}
Event: 28.004 GC heap before
{Heap before GC invocations=68 (full 0):
 garbage-first heap   total 565248K, used 500270K [0x0000000080000000, 0x0000000100000000)
  region size 1024K, 205 young (209920K), 15 survivors (15360K)
 Metaspace       used 120520K, committed 123584K, reserved 557056K
  class space    used 16578K, committed 18048K, reserved 425984K
}
Event: 28.013 GC heap after
{Heap after GC invocations=69 (full 0):
 garbage-first heap   total 565248K, used 313654K [0x0000000080000000, 0x0000000100000000)
  region size 1024K, 18 young (18432K), 18 survivors (18432K)
 Metaspace       used 120520K, committed 123584K, reserved 557056K
  class space    used 16578K, committed 18048K, reserved 425984K
}
Event: 28.406 GC heap before
{Heap before GC invocations=69 (full 0):
 garbage-first heap   total 565248K, used 515382K [0x0000000080000000, 0x0000000100000000)
  region size 1024K, 216 young (221184K), 18 survivors (18432K)
 Metaspace       used 120624K, committed 123648K, reserved 557056K
  class space    used 16587K, committed 18048K, reserved 425984K
}
Event: 28.414 GC heap after
{Heap after GC invocations=70 (full 0):
 garbage-first heap   total 565248K, used 314536K [0x0000000080000000, 0x0000000100000000)
  region size 1024K, 16 young (16384K), 16 survivors (16384K)
 Metaspace       used 120624K, committed 123648K, reserved 557056K
  class space    used 16587K, committed 18048K, reserved 425984K
}
Event: 28.584 GC heap before
{Heap before GC invocations=70 (full 0):
 garbage-first heap   total 565248K, used 434344K [0x0000000080000000, 0x0000000100000000)
  region size 1024K, 135 young (138240K), 16 survivors (16384K)
 Metaspace       used 120757K, committed 123840K, reserved 557056K
  class space    used 16601K, committed 18112K, reserved 425984K
}
Event: 28.590 GC heap after
{Heap after GC invocations=71 (full 0):
 garbage-first heap   total 565248K, used 318811K [0x0000000080000000, 0x0000000100000000)
  region size 1024K, 20 young (20480K), 20 survivors (20480K)
 Metaspace       used 120757K, committed 123840K, reserved 557056K
  class space    used 16601K, committed 18112K, reserved 425984K
}
Event: 66.469 GC heap before
{Heap before GC invocations=72 (full 0):
 garbage-first heap   total 565248K, used 518491K [0x0000000080000000, 0x0000000100000000)
  region size 1024K, 211 young (216064K), 20 survivors (20480K)
 Metaspace       used 126334K, committed 129536K, reserved 557056K
  class space    used 17132K, committed 18688K, reserved 425984K
}
Event: 66.477 GC heap after
{Heap after GC invocations=73 (full 0):
 garbage-first heap   total 565248K, used 323848K [0x0000000080000000, 0x0000000100000000)
  region size 1024K, 18 young (18432K), 18 survivors (18432K)
 Metaspace       used 126334K, committed 129536K, reserved 557056K
  class space    used 17132K, committed 18688K, reserved 425984K
}
Event: 2454.331 GC heap before
{Heap before GC invocations=73 (full 0):
 garbage-first heap   total 565248K, used 515336K [0x0000000080000000, 0x0000000100000000)
  region size 1024K, 206 young (210944K), 18 survivors (18432K)
 Metaspace       used 128883K, committed 132096K, reserved 557056K
  class space    used 17426K, committed 18944K, reserved 425984K
}
Event: 2454.473 GC heap after
{Heap after GC invocations=74 (full 0):
 garbage-first heap   total 565248K, used 326034K [0x0000000080000000, 0x0000000100000000)
  region size 1024K, 17 young (17408K), 17 survivors (17408K)
 Metaspace       used 128883K, committed 132096K, reserved 557056K
  class space    used 17426K, committed 18944K, reserved 425984K
}
Event: 9424.899 GC heap before
{Heap before GC invocations=74 (full 0):
 garbage-first heap   total 565248K, used 517522K [0x0000000080000000, 0x0000000100000000)
  region size 1024K, 204 young (208896K), 17 survivors (17408K)
 Metaspace       used 128971K, committed 132160K, reserved 557056K
  class space    used 17426K, committed 18944K, reserved 425984K
}
Event: 9424.964 GC heap after
{Heap after GC invocations=75 (full 0):
 garbage-first heap   total 565248K, used 328129K [0x0000000080000000, 0x0000000100000000)
  region size 1024K, 15 young (15360K), 15 survivors (15360K)
 Metaspace       used 128971K, committed 132160K, reserved 557056K
  class space    used 17426K, committed 18944K, reserved 425984K
}

Dll operation events (15 events):
Event: 0.012 Loaded shared library C:\Program Files\Java\jdk-21\bin\java.dll
Event: 0.037 Loaded shared library C:\Program Files\Java\jdk-21\bin\jsvml.dll
Event: 0.064 Loaded shared library C:\Program Files\Java\jdk-21\bin\zip.dll
Event: 0.066 Loaded shared library C:\Program Files\Java\jdk-21\bin\instrument.dll
Event: 0.070 Loaded shared library C:\Program Files\Java\jdk-21\bin\net.dll
Event: 0.071 Loaded shared library C:\Program Files\Java\jdk-21\bin\nio.dll
Event: 0.073 Loaded shared library C:\Program Files\Java\jdk-21\bin\zip.dll
Event: 0.238 Loaded shared library C:\Program Files\Java\jdk-21\bin\jimage.dll
Event: 0.329 Loaded shared library C:\Program Files\Java\jdk-21\bin\verify.dll
Event: 0.427 Loaded shared library C:\Users\amara\.gradle\native\c067742578af261105cb4f569cf0c3c89f3d7b1fecec35dd04571415982c5e48\windows-amd64\native-platform.dll
Event: 0.433 Loaded shared library C:\Users\amara\.gradle\native\100fb08df4bc3b14c8652ba06237920a3bd2aa13389f12d3474272988ae205f9\windows-amd64\native-platform-file-events.dll
Event: 1.288 Loaded shared library C:\Program Files\Java\jdk-21\bin\management.dll
Event: 1.289 Loaded shared library C:\Program Files\Java\jdk-21\bin\management_ext.dll
Event: 1.434 Loaded shared library C:\Program Files\Java\jdk-21\bin\extnet.dll
Event: 1.529 Loaded shared library C:\Program Files\Java\jdk-21\bin\sunmscapi.dll

Deoptimization events (20 events):
Event: 9426.342 Thread 0x0000019ecf134d50 Uncommon trap: trap_request=0xffffffd6 fr.pc=0x0000019e92a7358c relative=0x00000000000012ac
Event: 9426.342 Thread 0x0000019ecf134d50 Uncommon trap: reason=array_check action=maybe_recompile pc=0x0000019e92a7358c method=com.google.gson.internal.$Gson$Types$ParameterizedTypeImpl.<init>(Ljava/lang/reflect/Type;Ljava/lang/reflect/Type;[Ljava/lang/reflect/Type;)V @ 149 c2
Event: 9426.342 Thread 0x0000019ecf134d50 DEOPT PACKING pc=0x0000019e92a7358c sp=0x000000861fdf55e0
Event: 9426.342 Thread 0x0000019ecf134d50 DEOPT UNPACKING pc=0x0000019e918646a2 sp=0x000000861fdf5520 mode 2
Event: 9426.346 Thread 0x0000019ecf134d50 Uncommon trap: trap_request=0xffffffd6 fr.pc=0x0000019e92a7358c relative=0x00000000000012ac
Event: 9426.346 Thread 0x0000019ecf134d50 Uncommon trap: reason=array_check action=maybe_recompile pc=0x0000019e92a7358c method=com.google.gson.internal.$Gson$Types$ParameterizedTypeImpl.<init>(Ljava/lang/reflect/Type;Ljava/lang/reflect/Type;[Ljava/lang/reflect/Type;)V @ 149 c2
Event: 9426.346 Thread 0x0000019ecf134d50 DEOPT PACKING pc=0x0000019e92a7358c sp=0x000000861fdf5780
Event: 9426.346 Thread 0x0000019ecf134d50 DEOPT UNPACKING pc=0x0000019e918646a2 sp=0x000000861fdf56c0 mode 2
Event: 9426.347 Thread 0x0000019ecf134d50 Uncommon trap: trap_request=0xffffffd6 fr.pc=0x0000019e92a7358c relative=0x00000000000012ac
Event: 9426.347 Thread 0x0000019ecf134d50 Uncommon trap: reason=array_check action=maybe_recompile pc=0x0000019e92a7358c method=com.google.gson.internal.$Gson$Types$ParameterizedTypeImpl.<init>(Ljava/lang/reflect/Type;Ljava/lang/reflect/Type;[Ljava/lang/reflect/Type;)V @ 149 c2
Event: 9426.347 Thread 0x0000019ecf134d50 DEOPT PACKING pc=0x0000019e92a7358c sp=0x000000861fdf55e0
Event: 9426.347 Thread 0x0000019ecf134d50 DEOPT UNPACKING pc=0x0000019e918646a2 sp=0x000000861fdf5520 mode 2
Event: 9426.353 Thread 0x0000019ecf134d50 Uncommon trap: trap_request=0xffffffd6 fr.pc=0x0000019e92a7358c relative=0x00000000000012ac
Event: 9426.353 Thread 0x0000019ecf134d50 Uncommon trap: reason=array_check action=maybe_recompile pc=0x0000019e92a7358c method=com.google.gson.internal.$Gson$Types$ParameterizedTypeImpl.<init>(Ljava/lang/reflect/Type;Ljava/lang/reflect/Type;[Ljava/lang/reflect/Type;)V @ 149 c2
Event: 9426.353 Thread 0x0000019ecf134d50 DEOPT PACKING pc=0x0000019e92a7358c sp=0x000000861fdf5730
Event: 9426.353 Thread 0x0000019ecf134d50 DEOPT UNPACKING pc=0x0000019e918646a2 sp=0x000000861fdf5670 mode 2
Event: 9426.810 Thread 0x0000019ec080ddc0 Uncommon trap: trap_request=0xffffff45 fr.pc=0x0000019e92c8394c relative=0x00000000000008cc
Event: 9426.810 Thread 0x0000019ec080ddc0 Uncommon trap: reason=unstable_if action=reinterpret pc=0x0000019e92c8394c method=java.util.concurrent.ConcurrentHashMap.replaceNode(Ljava/lang/Object;Ljava/lang/Object;Ljava/lang/Object;)Ljava/lang/Object; @ 99 c2
Event: 9426.810 Thread 0x0000019ec080ddc0 DEOPT PACKING pc=0x0000019e92c8394c sp=0x000000862cafe060
Event: 9426.810 Thread 0x0000019ec080ddc0 DEOPT UNPACKING pc=0x0000019e918646a2 sp=0x000000862cafdfd8 mode 2

Classes loaded (20 events):
Event: 67.134 Loading class javax/management/ReflectionException
Event: 67.134 Loading class javax/management/ReflectionException done
Event: 67.134 Loading class javax/management/InstanceNotFoundException
Event: 67.134 Loading class javax/management/InstanceNotFoundException done
Event: 67.156 Loading class java/nio/channels/CancelledKeyException
Event: 67.156 Loading class java/nio/channels/CancelledKeyException done
Event: 67.159 Loading class java/nio/BufferUnderflowException
Event: 67.159 Loading class java/nio/BufferUnderflowException done
Event: 67.173 Loading class java/lang/ProcessBuilder$NullInputStream
Event: 67.173 Loading class java/lang/ProcessBuilder$NullInputStream done
Event: 67.241 Loading class java/nio/channels/AsynchronousCloseException
Event: 67.241 Loading class java/nio/channels/AsynchronousCloseException done
Event: 67.242 Loading class sun/nio/ch/SocketChannelImpl$DefaultOptionsHolder
Event: 67.242 Loading class sun/nio/ch/SocketChannelImpl$DefaultOptionsHolder done
Event: 77.573 Loading class java/util/HashMap$UnsafeHolder
Event: 77.573 Loading class java/util/HashMap$UnsafeHolder done
Event: 77.709 Loading class java/util/concurrent/CompletableFuture$AsyncRun
Event: 77.710 Loading class java/util/concurrent/CompletableFuture$AsyncRun done
Event: 9423.381 Loading class jdk/internal/math/FormattedFPDecimal
Event: 9423.458 Loading class jdk/internal/math/FormattedFPDecimal done

Classes unloaded (20 events):
Event: 9425.444 Thread 0x0000019e9fbcc400 Unloading class 0x0000019ea10d0800 'java/lang/invoke/LambdaForm$MH+0x0000019ea10d0800'
Event: 9425.444 Thread 0x0000019e9fbcc400 Unloading class 0x0000019ea10d0400 'java/lang/invoke/LambdaForm$BMH+0x0000019ea10d0400'
Event: 9425.444 Thread 0x0000019e9fbcc400 Unloading class 0x0000019ea10a9400 'java/lang/invoke/LambdaForm$MH+0x0000019ea10a9400'
Event: 9425.444 Thread 0x0000019e9fbcc400 Unloading class 0x0000019ea10a9000 'java/lang/invoke/LambdaForm$MH+0x0000019ea10a9000'
Event: 9425.444 Thread 0x0000019e9fbcc400 Unloading class 0x0000019ea10a8c00 'java/lang/invoke/LambdaForm$MH+0x0000019ea10a8c00'
Event: 9425.444 Thread 0x0000019e9fbcc400 Unloading class 0x0000019ea1099c00 'java/lang/invoke/LambdaForm$MH+0x0000019ea1099c00'
Event: 9425.444 Thread 0x0000019e9fbcc400 Unloading class 0x0000019ea1099000 'java/lang/invoke/LambdaForm$MH+0x0000019ea1099000'
Event: 9425.444 Thread 0x0000019e9fbcc400 Unloading class 0x0000019ea1098c00 'java/lang/invoke/LambdaForm$MH+0x0000019ea1098c00'
Event: 9425.444 Thread 0x0000019e9fbcc400 Unloading class 0x0000019ea1098000 'java/lang/invoke/LambdaForm$MH+0x0000019ea1098000'
Event: 9425.444 Thread 0x0000019e9fbcc400 Unloading class 0x0000019ea103c800 'java/lang/invoke/LambdaForm$DMH+0x0000019ea103c800'
Event: 9425.444 Thread 0x0000019e9fbcc400 Unloading class 0x0000019ea102e800 'java/lang/invoke/LambdaForm$MH+0x0000019ea102e800'
Event: 9425.444 Thread 0x0000019e9fbcc400 Unloading class 0x0000019ea102e000 'java/lang/invoke/LambdaForm$MH+0x0000019ea102e000'
Event: 9425.444 Thread 0x0000019e9fbcc400 Unloading class 0x0000019ea102dc00 'java/lang/invoke/LambdaForm$MH+0x0000019ea102dc00'
Event: 9425.444 Thread 0x0000019e9fbcc400 Unloading class 0x0000019ea102d800 'java/lang/invoke/LambdaForm$MH+0x0000019ea102d800'
Event: 9425.444 Thread 0x0000019e9fbcc400 Unloading class 0x0000019ea102c000 'java/lang/invoke/LambdaForm$MH+0x0000019ea102c000'
Event: 9425.444 Thread 0x0000019e9fbcc400 Unloading class 0x0000019ea1018400 'java/lang/invoke/LambdaForm$MH+0x0000019ea1018400'
Event: 9425.444 Thread 0x0000019e9fbcc400 Unloading class 0x0000019ea1002400 'java/lang/invoke/LambdaForm$MH+0x0000019ea1002400'
Event: 9425.444 Thread 0x0000019e9fbcc400 Unloading class 0x0000019ea1002000 'java/lang/invoke/LambdaForm$MH+0x0000019ea1002000'
Event: 9425.444 Thread 0x0000019e9fbcc400 Unloading class 0x0000019ea1001c00 'java/lang/invoke/LambdaForm$MH+0x0000019ea1001c00'
Event: 9425.444 Thread 0x0000019e9fbcc400 Unloading class 0x0000019ea1001400 'java/lang/invoke/LambdaForm$MH+0x0000019ea1001400'

Classes redefined (0 events):
No events

Internal exceptions (20 events):
Event: 9426.024 Thread 0x0000019ec604fa40 Exception <a 'sun/nio/fs/WindowsException'{0x00000000a00c3330}> (0x00000000a00c3330) 
thrown [s\open\src\hotspot\share\prims\jni.cpp, line 520]
Event: 9426.025 Thread 0x0000019ec604fa40 Exception <a 'sun/nio/fs/WindowsException'{0x00000000a00c5488}> (0x00000000a00c5488) 
thrown [s\open\src\hotspot\share\prims\jni.cpp, line 520]
Event: 9426.163 Thread 0x0000019ecf134d50 Implicit null exception at 0x0000019e92826067 to 0x0000019e9282702c
Event: 9426.206 Thread 0x0000019ecf134d50 Exception <a 'java/lang/NoSuchMethodError'{0x000000009ee463f0}: static Lorg/jetbrains/kotlin/gradle/plugin/internal/DefaultConfigurationTimePropertiesAccessorVariantFactory;.<clinit>()V> (0x000000009ee463f0) 
thrown [s\open\src\hotspot\share\prims\jni.cpp, line 1111]
Event: 9426.207 Thread 0x0000019ecf134d50 Exception <a 'java/lang/NoSuchMethodError'{0x000000009ee5f1a8}: static Lorg/jetbrains/kotlin/gradle/plugin/internal/DefaultProjectIsolationStartParameterAccessorVariantFactory;.<clinit>()V> (0x000000009ee5f1a8) 
thrown [s\open\src\hotspot\share\prims\jni.cpp, line 1111]
Event: 9426.208 Thread 0x0000019ecf134d50 Exception <a 'java/lang/NoSuchMethodError'{0x000000009ee78198}: static Lorg/jetbrains/kotlin/gradle/plugin/internal/DefaultArtifactTypeAttributeAccessorVariantFactory;.<clinit>()V> (0x000000009ee78198) 
thrown [s\open\src\hotspot\share\prims\jni.cpp, line 1111]
Event: 9426.209 Thread 0x0000019ecf134d50 Exception <a 'java/lang/NoSuchMethodError'{0x000000009ee91218}: static Lorg/jetbrains/kotlin/gradle/plugin/internal/DefaultCompatibilityConventionRegistrar$Factory;.<clinit>()V> (0x000000009ee91218) 
thrown [s\open\src\hotspot\share\prims\jni.cpp, line 1111]
Event: 9426.210 Thread 0x0000019ecf134d50 Exception <a 'java/lang/NoSuchMethodError'{0x000000009eeaa668}: static Lorg/jetbrains/kotlin/gradle/plugin/internal/DefaultJavaSourceSetsAccessorVariantFactory;.<clinit>()V> (0x000000009eeaa668) 
thrown [s\open\src\hotspot\share\prims\jni.cpp, line 1111]
Event: 9426.211 Thread 0x0000019ecf134d50 Exception <a 'java/lang/NoSuchMethodError'{0x000000009eec3120}: static Lorg/jetbrains/kotlin/gradle/plugin/internal/DefaultIdeaSyncDetectorVariantFactory;.<clinit>()V> (0x000000009eec3120) 
thrown [s\open\src\hotspot\share\prims\jni.cpp, line 1111]
Event: 9426.212 Thread 0x0000019ecf134d50 Exception <a 'java/lang/NoSuchMethodError'{0x000000009eedbe08}: static Lorg/jetbrains/kotlin/gradle/plugin/internal/DefaultKotlinTestReportCompatibilityHelperVariantFactory;.<clinit>()V> (0x000000009eedbe08) 
thrown [s\open\src\hotspot\share\prims\jni.cpp, line 1111]
Event: 9426.213 Thread 0x0000019ecf134d50 Exception <a 'java/lang/NoSuchMethodError'{0x000000009eef4a90}: static Lorg/jetbrains/kotlin/gradle/plugin/internal/DefaultMppTestReportHelperVariantFactory;.<clinit>()V> (0x000000009eef4a90) 
thrown [s\open\src\hotspot\share\prims\jni.cpp, line 1111]
Event: 9426.214 Thread 0x0000019ecf134d50 Exception <a 'java/lang/NoSuchMethodError'{0x000000009ed0db38}: static Lorg/jetbrains/kotlin/gradle/plugin/internal/DefaultConfigurationCacheStartParameterAccessorVariantFactory;.<clinit>()V> (0x000000009ed0db38) 
thrown [s\open\src\hotspot\share\prims\jni.cpp, line 1111]
Event: 9426.215 Thread 0x0000019ecf134d50 Exception <a 'java/lang/NoSuchMethodError'{0x000000009ed273c8}: static Lorg/jetbrains/kotlin/gradle/plugin/internal/MavenPluginConfigurator$DefaultMavenPluginConfiguratorVariantFactory;.<clinit>()V> (0x000000009ed273c8) 
thrown [s\open\src\hotspot\share\prims\jni.cpp, line 1111]
Event: 9426.216 Thread 0x0000019ecf134d50 Exception <a 'java/lang/NoSuchMethodError'{0x000000009ed3ff70}: static Lorg/jetbrains/kotlin/gradle/targets/js/nodejs/DefaultUnameExecutorVariantFactory;.<clinit>()V> (0x000000009ed3ff70) 
thrown [s\open\src\hotspot\share\prims\jni.cpp, line 1111]
Event: 9426.218 Thread 0x0000019ecf134d50 Exception <a 'java/lang/NoSuchMethodError'{0x000000009ed58d30}: static Lorg/jetbrains/kotlin/gradle/plugin/internal/DefaultBasePluginConfigurationVariantFactory;.<clinit>()V> (0x000000009ed58d30) 
thrown [s\open\src\hotspot\share\prims\jni.cpp, line 1111]
Event: 9426.245 Thread 0x0000019ecf134d50 Exception <a 'java/lang/NoSuchMethodError'{0x000000009eb2b490}: static Lorg/jetbrains/kotlin/gradle/plugin/internal/DefaultIdeaSyncDetector$createIdeaPropertiesEvaluator$1;.<clinit>()V> (0x000000009eb2b490) 
thrown [s\open\src\hotspot\share\prims\jni.cpp, line 1111]
Event: 9426.267 Thread 0x0000019ecf134d50 Implicit null exception at 0x0000019e92b8c13a to 0x0000019e92b8d8ac
Event: 9426.320 Thread 0x0000019ecf134d50 Implicit null exception at 0x0000019e929beb6e to 0x0000019e929bf2d0
Event: 9426.327 Thread 0x0000019ecf134d50 Exception <a 'java/lang/NoSuchMethodError'{0x000000009e591440}: 'void java.lang.invoke.DelegatingMethodHandle$Holder.reinvoke_L(java.lang.Object, java.lang.Object, int)'> (0x000000009e591440) 
thrown [s\open\src\hotspot\share\interpreter\linkResolver.cpp, line 773]
Event: 9426.862 Thread 0x0000019ecf134d50 Exception <a 'java/lang/IncompatibleClassChangeError'{0x000000009b353bf8}: Found class java.lang.Object, but interface was expected> (0x000000009b353bf8) 
thrown [s\open\src\hotspot\share\interpreter\linkResolver.cpp, line 840]

ZGC Phase Switch (0 events):
No events

VM Operations (20 events):
Event: 8471.647 Executing VM operation: Cleanup
Event: 8471.648 Executing VM operation: Cleanup done
Event: 9423.298 Executing VM operation: Cleanup
Event: 9423.299 Executing VM operation: Cleanup done
Event: 9424.309 Executing VM operation: Cleanup
Event: 9424.310 Executing VM operation: Cleanup done
Event: 9424.856 Executing VM operation: ICBufferFull
Event: 9424.857 Executing VM operation: ICBufferFull done
Event: 9424.888 Executing VM operation: G1CollectForAllocation (G1 Evacuation Pause)
Event: 9424.964 Executing VM operation: G1CollectForAllocation (G1 Evacuation Pause) done
Event: 9425.360 Executing VM operation: ICBufferFull
Event: 9425.360 Executing VM operation: ICBufferFull done
Event: 9425.417 Executing VM operation: G1PauseRemark
Event: 9425.545 Executing VM operation: G1PauseRemark done
Event: 9425.654 Executing VM operation: G1PauseCleanup
Event: 9425.654 Executing VM operation: G1PauseCleanup done
Event: 9426.253 Executing VM operation: ICBufferFull
Event: 9426.253 Executing VM operation: ICBufferFull done
Event: 9426.904 Executing VM operation: ICBufferFull
Event: 9426.904 Executing VM operation: ICBufferFull done

Events (20 events):
Event: 9426.744 Thread 0x0000019ec080d730 Thread added: 0x0000019ec080d730
Event: 9426.744 Thread 0x0000019ec7ce3cc0 Thread added: 0x0000019ec7ce3cc0
Event: 9426.744 Thread 0x0000019ec7ce5d90 Thread added: 0x0000019ec7ce5d90
Event: 9426.744 Thread 0x0000019ec7ce4350 Thread added: 0x0000019ec7ce4350
Event: 9426.750 Thread 0x0000019ec38e8250 Thread added: 0x0000019ec38e8250
Event: 9426.805 Thread 0x0000019ec7ce6420 Thread added: 0x0000019ec7ce6420
Event: 9426.805 Thread 0x0000019ec7ce2fa0 Thread added: 0x0000019ec7ce2fa0
Event: 9426.806 Thread 0x0000019ec7ce5070 Thread added: 0x0000019ec7ce5070
Event: 9426.806 Thread 0x0000019ec7ce5700 Thread added: 0x0000019ec7ce5700
Event: 9426.806 Thread 0x0000019ec7ce49e0 Thread added: 0x0000019ec7ce49e0
Event: 9426.806 Thread 0x0000019ec7ce3630 Thread added: 0x0000019ec7ce3630
Event: 9426.806 Thread 0x0000019ec080ddc0 Thread added: 0x0000019ec080ddc0
Event: 9426.806 Thread 0x0000019ec35aab90 Thread added: 0x0000019ec35aab90
Event: 9426.807 Thread 0x0000019ec35ab220 Thread added: 0x0000019ec35ab220
Event: 9426.807 Thread 0x0000019ec35ab8b0 Thread added: 0x0000019ec35ab8b0
Event: 9426.807 Thread 0x0000019ec35abf40 Thread added: 0x0000019ec35abf40
Event: 9426.807 Thread 0x0000019ec35a9150 Thread added: 0x0000019ec35a9150
Event: 9426.807 Thread 0x0000019ec35a9e70 Thread added: 0x0000019ec35a9e70
Event: 9426.807 Thread 0x0000019ec35a8ac0 Thread added: 0x0000019ec35a8ac0
Event: 9426.808 Thread 0x0000019ec35a97e0 Thread added: 0x0000019ec35a97e0


Dynamic libraries:
0x00007ff772c90000 - 0x00007ff772ca0000 	C:\Program Files\Java\jdk-21\bin\java.exe
0x00007ffa60860000 - 0x00007ffa60ac7000 	C:\WINDOWS\SYSTEM32\ntdll.dll
0x00007ffa5ecf0000 - 0x00007ffa5edb9000 	C:\WINDOWS\System32\KERNEL32.DLL
0x00007ffa5e1f0000 - 0x00007ffa5e5e0000 	C:\WINDOWS\System32\KERNELBASE.dll
0x00007ffa5dd70000 - 0x00007ffa5debb000 	C:\WINDOWS\System32\ucrtbase.dll
0x00007ffa4be20000 - 0x00007ffa4be3b000 	C:\Program Files\Java\jdk-21\bin\VCRUNTIME140.dll
0x00007ffa41f60000 - 0x00007ffa41f79000 	C:\Program Files\Java\jdk-21\bin\jli.dll
0x00007ffa5edc0000 - 0x00007ffa5ee74000 	C:\WINDOWS\System32\ADVAPI32.dll
0x00007ffa604d0000 - 0x00007ffa60579000 	C:\WINDOWS\System32\msvcrt.dll
0x00007ffa60770000 - 0x00007ffa60816000 	C:\WINDOWS\System32\sechost.dll
0x00007ffa5f7d0000 - 0x00007ffa5f8e8000 	C:\WINDOWS\System32\RPCRT4.dll
0x00007ffa5f900000 - 0x00007ffa5fac5000 	C:\WINDOWS\System32\USER32.dll
0x00007ffa5e1c0000 - 0x00007ffa5e1e7000 	C:\WINDOWS\System32\win32u.dll
0x00007ffa3e420000 - 0x00007ffa3e6ba000 	C:\WINDOWS\WinSxS\amd64_microsoft.windows.common-controls_6595b64144ccf1df_6.0.26100.4768_none_3e0c112ce331287c\COMCTL32.dll
0x00007ffa5e800000 - 0x00007ffa5e82b000 	C:\WINDOWS\System32\GDI32.dll
0x00007ffa5dba0000 - 0x00007ffa5dcd8000 	C:\WINDOWS\System32\gdi32full.dll
0x00007ffa5da50000 - 0x00007ffa5daf3000 	C:\WINDOWS\System32\msvcp_win.dll
0x00007ffa51280000 - 0x00007ffa5128b000 	C:\WINDOWS\SYSTEM32\VERSION.dll
0x00007ffa5eae0000 - 0x00007ffa5eb0f000 	C:\WINDOWS\System32\IMM32.DLL
0x00007ffa41920000 - 0x00007ffa4192c000 	C:\Program Files\Java\jdk-21\bin\vcruntime140_1.dll
0x00007ffa30cc0000 - 0x00007ffa30d4e000 	C:\Program Files\Java\jdk-21\bin\msvcp140.dll
0x00007ff9d1620000 - 0x00007ff9d233d000 	C:\Program Files\Java\jdk-21\bin\server\jvm.dll
0x00007ffa5fad0000 - 0x00007ffa5fb44000 	C:\WINDOWS\System32\WS2_32.dll
0x00007ffa5d7f0000 - 0x00007ffa5d84e000 	C:\WINDOWS\SYSTEM32\POWRPROF.dll
0x00007ffa51190000 - 0x00007ffa511c5000 	C:\WINDOWS\SYSTEM32\WINMM.dll
0x00007ffa5d7d0000 - 0x00007ffa5d7e4000 	C:\WINDOWS\SYSTEM32\UMPDC.dll
0x00007ffa5c710000 - 0x00007ffa5c72b000 	C:\WINDOWS\SYSTEM32\kernel.appcore.dll
0x00007ffa41910000 - 0x00007ffa4191a000 	C:\Program Files\Java\jdk-21\bin\jimage.dll
0x00007ffa51310000 - 0x00007ffa51551000 	C:\WINDOWS\SYSTEM32\DBGHELP.DLL
0x00007ffa5f420000 - 0x00007ffa5f7a5000 	C:\WINDOWS\System32\combase.dll
0x00007ffa5ebb0000 - 0x00007ffa5ec90000 	C:\WINDOWS\System32\OLEAUT32.dll
0x00007ffa507b0000 - 0x00007ffa507f3000 	C:\WINDOWS\SYSTEM32\dbgcore.DLL
0x00007ffa5db00000 - 0x00007ffa5db99000 	C:\WINDOWS\System32\bcryptPrimitives.dll
0x00007ffa23560000 - 0x00007ffa2356f000 	C:\Program Files\Java\jdk-21\bin\instrument.dll
0x00007ffa30ca0000 - 0x00007ffa30cbf000 	C:\Program Files\Java\jdk-21\bin\java.dll
0x00007ffa5fb50000 - 0x00007ffa6029d000 	C:\WINDOWS\System32\SHELL32.dll
0x00007ffa5dec0000 - 0x00007ffa5e033000 	C:\WINDOWS\System32\wintypes.dll
0x00007ffa5b5b0000 - 0x00007ffa5be10000 	C:\WINDOWS\SYSTEM32\windows.storage.dll
0x00007ffa602d0000 - 0x00007ffa603c5000 	C:\WINDOWS\System32\SHCORE.dll
0x00007ffa5eb20000 - 0x00007ffa5eb8a000 	C:\WINDOWS\System32\shlwapi.dll
0x00007ffa5d8b0000 - 0x00007ffa5d8d9000 	C:\WINDOWS\SYSTEM32\profapi.dll
0x00007ff9d5f40000 - 0x00007ff9d6017000 	C:\Program Files\Java\jdk-21\bin\jsvml.dll
0x00007ffa30c60000 - 0x00007ffa30c78000 	C:\Program Files\Java\jdk-21\bin\zip.dll
0x00007ffa40a10000 - 0x00007ffa40a20000 	C:\Program Files\Java\jdk-21\bin\net.dll
0x00007ffa56540000 - 0x00007ffa5665e000 	C:\WINDOWS\SYSTEM32\WINHTTP.dll
0x00007ffa5cca0000 - 0x00007ffa5cd0b000 	C:\WINDOWS\system32\mswsock.dll
0x00007ffa30c80000 - 0x00007ffa30c96000 	C:\Program Files\Java\jdk-21\bin\nio.dll
0x00007ffa30da0000 - 0x00007ffa30db0000 	C:\Program Files\Java\jdk-21\bin\verify.dll
0x00007ffa30c30000 - 0x00007ffa30c57000 	C:\Users\amara\.gradle\native\c067742578af261105cb4f569cf0c3c89f3d7b1fecec35dd04571415982c5e48\windows-amd64\native-platform.dll
0x00007ff9d40b0000 - 0x00007ff9d41f4000 	C:\Users\amara\.gradle\native\100fb08df4bc3b14c8652ba06237920a3bd2aa13389f12d3474272988ae205f9\windows-amd64\native-platform-file-events.dll
0x00007ffa30c10000 - 0x00007ffa30c1a000 	C:\Program Files\Java\jdk-21\bin\management.dll
0x00007ffa30c00000 - 0x00007ffa30c0b000 	C:\Program Files\Java\jdk-21\bin\management_ext.dll
0x00007ffa5f7b0000 - 0x00007ffa5f7b8000 	C:\WINDOWS\System32\PSAPI.DLL
0x00007ffa5cf60000 - 0x00007ffa5cf7b000 	C:\WINDOWS\SYSTEM32\CRYPTSP.dll
0x00007ffa5c670000 - 0x00007ffa5c6ab000 	C:\WINDOWS\system32\rsaenh.dll
0x00007ffa5cd40000 - 0x00007ffa5cd6b000 	C:\WINDOWS\SYSTEM32\USERENV.dll
0x00007ffa5d880000 - 0x00007ffa5d8a6000 	C:\WINDOWS\SYSTEM32\bcrypt.dll
0x00007ffa5cf80000 - 0x00007ffa5cf8c000 	C:\WINDOWS\SYSTEM32\CRYPTBASE.dll
0x00007ffa5c120000 - 0x00007ffa5c153000 	C:\WINDOWS\SYSTEM32\IPHLPAPI.DLL
0x00007ffa5f8f0000 - 0x00007ffa5f8fa000 	C:\WINDOWS\System32\NSI.dll
0x00007ffa30bf0000 - 0x00007ffa30bf9000 	C:\Program Files\Java\jdk-21\bin\extnet.dll
0x00007ffa161f0000 - 0x00007ffa161fe000 	C:\Program Files\Java\jdk-21\bin\sunmscapi.dll
0x00007ffa5e040000 - 0x00007ffa5e1b7000 	C:\WINDOWS\System32\CRYPT32.dll
0x00007ffa5d180000 - 0x00007ffa5d1b0000 	C:\WINDOWS\SYSTEM32\ncrypt.dll
0x00007ffa5d130000 - 0x00007ffa5d16f000 	C:\WINDOWS\SYSTEM32\NTASN1.dll
0x00007ff97d1e0000 - 0x00007ff97d1e8000 	C:\WINDOWS\system32\wshunix.dll
0x00007ffa37750000 - 0x00007ffa37768000 	C:\WINDOWS\system32\napinsp.dll
0x00007ffa5c160000 - 0x00007ffa5c286000 	C:\WINDOWS\SYSTEM32\DNSAPI.dll
0x00007ffa370e0000 - 0x00007ffa370f2000 	C:\WINDOWS\System32\winrnr.dll
0x00007ffa36350000 - 0x00007ffa36380000 	C:\WINDOWS\system32\nlansp_c.dll
0x00007ffa56460000 - 0x00007ffa56480000 	C:\WINDOWS\system32\wshbth.dll
0x00007ffa558a0000 - 0x00007ffa558ab000 	C:\Windows\System32\rasadhlp.dll
0x00007ffa552d0000 - 0x00007ffa55356000 	C:\WINDOWS\System32\fwpuclnt.dll

dbghelp: loaded successfully - version: 4.0.5 - missing functions: none
symbol engine: initialized successfully - sym options: 0x614 - pdb path: .;C:\Program Files\Java\jdk-21\bin;C:\WINDOWS\SYSTEM32;C:\WINDOWS\WinSxS\amd64_microsoft.windows.common-controls_6595b64144ccf1df_6.0.26100.4768_none_3e0c112ce331287c;C:\Program Files\Java\jdk-21\bin\server;C:\Users\amara\.gradle\native\c067742578af261105cb4f569cf0c3c89f3d7b1fecec35dd04571415982c5e48\windows-amd64;C:\Users\amara\.gradle\native\100fb08df4bc3b14c8652ba06237920a3bd2aa13389f12d3474272988ae205f9\windows-amd64

VM Arguments:
jvm_args: -XX:MaxMetaspaceSize=512m --add-opens=java.base/java.util=ALL-UNNAMED --add-opens=java.base/java.lang=ALL-UNNAMED --add-opens=java.base/java.lang.invoke=ALL-UNNAMED --add-opens=java.prefs/java.util.prefs=ALL-UNNAMED --add-exports=jdk.compiler/com.sun.tools.javac.api=ALL-UNNAMED --add-exports=jdk.compiler/com.sun.tools.javac.util=ALL-UNNAMED --add-opens=java.base/java.nio.charset=ALL-UNNAMED --add-opens=java.base/java.net=ALL-UNNAMED --add-opens=java.base/java.util.concurrent.atomic=ALL-UNNAMED -Xmx2048m -Dfile.encoding=UTF-8 -Duser.country=GB -Duser.language=en -Duser.variant -javaagent:C:\Users\amara\.gradle\wrapper\dists\gradle-8.10.2-all\7iv73wktx1xtkvlq19urqw1wm\gradle-8.10.2\lib\agents\gradle-instrumentation-agent-8.10.2.jar 
java_command: org.gradle.launcher.daemon.bootstrap.GradleDaemon 8.10.2
java_class_path (initial): C:\Users\amara\.gradle\wrapper\dists\gradle-8.10.2-all\7iv73wktx1xtkvlq19urqw1wm\gradle-8.10.2\lib\gradle-daemon-main-8.10.2.jar
Launcher Type: SUN_STANDARD

[Global flags]
     intx CICompilerCount                          = 12                                        {product} {ergonomic}
   size_t CompressedClassSpaceSize                 = 436207616                                 {product} {ergonomic}
     uint ConcGCThreads                            = 3                                         {product} {ergonomic}
     uint G1ConcRefinementThreads                  = 13                                        {product} {ergonomic}
   size_t G1HeapRegionSize                         = 1048576                                   {product} {ergonomic}
    uintx GCDrainStackTargetSize                   = 64                                        {product} {ergonomic}
   size_t InitialHeapSize                          = 268435456                                 {product} {ergonomic}
   size_t MarkStackSize                            = 4194304                                   {product} {ergonomic}
   size_t MaxHeapSize                              = 2147483648                                {product} {command line}
   size_t MaxMetaspaceSize                         = 536870912                                 {product} {command line}
   size_t MaxNewSize                               = 1287651328                                {product} {ergonomic}
   size_t MinHeapDeltaBytes                        = 1048576                                   {product} {ergonomic}
   size_t MinHeapSize                              = 8388608                                   {product} {ergonomic}
    uintx NonNMethodCodeHeapSize                   = 7602480                                {pd product} {ergonomic}
    uintx NonProfiledCodeHeapSize                  = 122027880                              {pd product} {ergonomic}
    uintx ProfiledCodeHeapSize                     = 122027880                              {pd product} {ergonomic}
    uintx ReservedCodeCacheSize                    = 251658240                              {pd product} {ergonomic}
     bool SegmentedCodeCache                       = true                                      {product} {ergonomic}
   size_t SoftMaxHeapSize                          = 2147483648                             {manageable} {ergonomic}
     bool UseCompressedOops                        = true                           {product lp64_product} {ergonomic}
     bool UseG1GC                                  = true                                      {product} {ergonomic}
     bool UseLargePagesIndividualAllocation        = false                                  {pd product} {ergonomic}

Logging:
Log output configuration:
 #0: stdout all=warning uptime,level,tags foldmultilines=false
 #1: stderr all=off uptime,level,tags foldmultilines=false

Environment Variables:
JAVA_HOME=C:\Program Files\Java\jdk-21
CLASSPATH=C:\Users\amara\Documents\Projects\BetSocial\android\\gradle\wrapper\gradle-wrapper.jar
PATH=C:\Users\amara\Documents\Projects\BetSocial\node_modules\.bin;C:\Users\amara\Documents\Projects\node_modules\.bin;C:\Users\amara\Documents\node_modules\.bin;C:\Users\amara\node_modules\.bin;C:\Users\node_modules\.bin;C:\node_modules\.bin;C:\Program Files\nodejs\node_modules\npm\node_modules\@npmcli\run-script\lib\node-gyp-bin;C:\Program Files\Common Files\Oracle\Java\javapath;C:\Program Files (x86)\Common Files\Oracle\Java\java8path;C:\Program Files (x86)\Common Files\Oracle\Java\javapath;C:\Program Files\Microsoft\jdk-17.0.14.7-hotspot\bin;C:\Python313\Scripts\;C:\Python313\;C:\WINDOWS\system32;C:\WINDOWS;C:\WINDOWS\System32\Wbem;C:\WINDOWS\System32\WindowsPowerShell\v1.0\;C:\WINDOWS\System32\OpenSSH\;C:\Program Files\Git\cmd;C:\Program Files\dotnet\;C:\ProgramData\chocolatey\bin;C:\Program Files (x86)\Windows Kits\10\Windows Performance Toolkit\;C:\Program Files (x86)\Microsoft SQL Server\160\Tools\Binn\;C:\Program Files\Microsoft SQL Server\160\Tools\Binn\;C:\Program Files\Microsoft SQL Server\Client SDK\ODBC\170\Tools\Binn\;C:\Program Files\Microsoft SQL Server\160\DTS\Binn\;C:\Program Files (x86)\Microsoft SQL Server\160\DTS\Binn\;C:\Program Files\MySQL\MySQL Server 8.0\bin;C:\Program Files\nodejs\;C:\Program Files\MySQL\MySQL Shell 8.0\bin\;C:\Users\amara\AppData\Local\Programs\Python\Python312\Scripts\;C:\Users\amara\AppData\Local\Programs\Python\Python312\;C:\Windows\system32;C:\Windows;C:\Windows\System32\Wbem;C:\Windows\System32\WindowsPowerShell\v1.0\;C:\Windows\System32\OpenSSH\;C:\Program Files\Git\cmd;C:\Program Files\dotnet\;C:\Program Files\nodejs\;C:\ProgramData\chocolatey\bin;C:\Program Files (x86)\Windows Kits\10\Windows Performance Toolkit\;C:\Users\amara\AppData\Local\Microsoft\WindowsApps;C:\Users\amara\.dotnet\tools;C:\Users\amara\AppData\Local\Programs\Microsoft VS Code\bin;C:\Python34\Scripts;C:\Users\amara\AppData\Roaming\npm;C:\Users\amara\AppData\Local\Android\Sdk\platform-tools;;%USERPROFILE%\AppData\Local\Microsoft\WindowsApps
USERNAME=amara
OS=Windows_NT
PROCESSOR_IDENTIFIER=AMD64 Family 25 Model 33 Stepping 2, AuthenticAMD
TMP=C:\Users\amara\AppData\Local\Temp
TEMP=C:\Users\amara\AppData\Local\Temp




Periodic native trim disabled

---------------  S Y S T E M  ---------------

OS:
 Windows 11 , 64 bit Build 26100 (10.0.26100.4768)
OS uptime: 2 days 23:14 hours

CPU: total 16 (initial active 16) (16 cores per cpu, 2 threads per core) family 25 model 33 stepping 2 microcode 0xa20120a, cx8, cmov, fxsr, ht, mmx, 3dnowpref, sse, sse2, sse3, ssse3, sse4a, sse4.1, sse4.2, popcnt, lzcnt, tsc, tscinvbit, avx, avx2, aes, erms, clmul, bmi1, bmi2, adx, sha, fma, vzeroupper, clflush, clflushopt, rdtscp, rdpid, fsrm, f16c, pku, cet_ss
Processor Information for all 16 processors :
  Max Mhz: 3801, Current Mhz: 3801, Mhz Limit: 3801

Memory: 4k page, system-wide physical 16307M (1289M free)
TotalPageFile size 65459M (AvailPageFile size 75M)
current process WorkingSet (physical memory assigned to process): 832M, peak: 1052M
current process commit charge ("private bytes"): 1106M, peak: 1115M

vm_info: Java HotSpot(TM) 64-Bit Server VM (21.0.8+12-LTS-250) for windows-amd64 JRE (21.0.8+12-LTS-250), built on 2025-06-27T08:11:22Z by "mach5one" with MS VC++ 17.6 (VS2022)

END.
